:020000040800F2
:1000000000000220752F0008392D0008412D00083E
:10001000492D0008512D0008592D0008000000004E
:10002000000000000000000000000000612D00083A
:100030006F2D0008000000007D2D00088B2D0008AA
:10004000C52F0008C52F0008C52F0008C52F0008C0
:10005000C52F0008C52F0008C52F0008C52F0008B0
:10006000C52F0008C52F0008C52F0008C52F0008A0
:10007000C52F0008C52F0008C52F0008C52F000890
:10008000C52F0008C52F0008C52F0008C52F000880
:10009000C52F0008C52F0008C52F0008C52F000870
:1000A000992D0008C52F0008C52F0008C52F00088E
:1000B000C52F0008C52F0008AD2D0008C52F00086A
:1000C000C52F0008C52F0008C52F0008C52F000840
:1000D000C52F0008C52F0008C12D0008C52F000836
:1000E000C52F0008C52F0008C52F0008C52F000820
:1000F000C52F0008C52F0008C52F0008C52F000810
:10010000C52F0008C52F0008D52D0008C52F0008F1
:10011000C52F0008C52F0008C52F0008C52F0008EF
:10012000C52F0008C52F0008C52F0008C52F0008DF
:10013000C52F0008C52F0008C52F0008C52F0008CF
:10014000C52F0008C52F0008C52F0008E92D00089D
:10015000C52F0008C52F0008C52F0008C52F0008AF
:10016000C52F0008C52F0008C52F0008C52F00089F
:10017000C52F0008C52F0008C52F0008000000008B
:08018000C52F0008C52F00087F
:1001900010B5054C237833B9044B13B10448AFF3C1
:1001A00000800123237010BD7803002000000000B0
:1001B0009416010808B5034B1BB103490348AFF37C
:1001C000008008BD000000007C0300209416010898
:1001D00010F8012B11F8013B012A28BF9A42F7D0F1
:1001E000D01A70470000000000000000000000006E
:1001F00001F0FF01102A2BDB10F0070F08D010F8D8
:10020000013B013A8B422DD010F0070F42B3F6D1DB
:10021000F0B441EA012141EA014122F007047FF0F4
:1002200000070023F0E80256083C85EA010586EA4B
:10023000010685FA47F5A3FA87F586FA47F6A5FA87
:1002400087F68EB9EED1F0BC01F0FF0102F0070293
:1002500032B110F8013B013A83EA010313B1F8D13E
:100260000020704701387047002D06BF354603381F
:10027000073815F0010F07D1013015F4807F02BF58
:10028000013015F4C03F0130F0BC0138704700BFA9
:10029000034613F8012B002AFBD1181A01387047C6
:1002A00081F0004102E000BF83F0004330B54FEA27
:1002B00041044FEA430594EA050F08BF90EA020F94
:1002C0001FBF54EA000C55EA020C7FEA645C7FEA27
:1002D000655C00F0E2804FEA5454D4EB5555B8BF4A
:1002E0006D420CDD2C4480EA020281EA030382EABB
:1002F000000083EA010180EA020281EA0303362D4D
:1003000088BF30BD11F0004F4FEA01314FF4801C1F
:100310004CEA113102D0404261EB410113F0004F31
:100320004FEA03334CEA133302D0524263EB4303E8
:1003300094EA050F00F0A780A4F10104D5F1200E86
:100340000DDB02FA0EFC22FA05F2801841F10001E1
:1003500003FA0EF2801843FA05F359410EE0A5F1B5
:1003600020050EF1200E012A03FA0EFC28BF4CF0E6
:10037000020C43FA05F3C01851EBE37101F000459C
:1003800007D54FF0000EDCF1000C7EEB00006EEBA9
:100390000101B1F5801F1BD3B1F5001F0CD3490833
:1003A0005FEA30004FEA3C0C04F101044FEA44528A
:1003B00012F5800F80F09A80BCF1004F08BF5FEA11
:1003C000500C50F1000041EB045141EA050130BDF1
:1003D0005FEA4C0C404141EB0101013C28BFB1F503
:1003E000801FE9D291F0000F04BF01460020B1FA4E
:1003F00081F308BF2033A3F10B03B3F120020CDA21
:100400000C3208DD02F1140CC2F10C0201FA0CF0FE
:1004100021FA02F10CE002F11402D8BFC2F1200C63
:1004200001FA02F120FA0CFCDCBF41EA0C01904019
:10043000E41AA2BF01EB0451294330BD6FEA040462
:100440001F3C1CDA0C340EDC04F11404C4F120024D
:1004500020FA04F001FA02F340EA030021FA04F35F
:1004600045EA030130BDC4F10C04C4F1200220FAB6
:1004700002F001FA04F340EA0300294630BD21FAF4
:1004800004F0294630BD94F0000F83F4801306BFBA
:1004900081F480110134013D4EE77FEA645C18BFAE
:1004A0007FEA655C29D094EA050F08BF90EA020F45
:1004B00005D054EA000C04BF1946104630BD91EA3D
:1004C000030F1EBF0021002030BD5FEA545C05D140
:1004D0004000494128BF41F0004130BD14F580047F
:1004E0003CBF01F5801130BD01F0004545F0FE41F3
:1004F00041F470014FF0000030BD7FEA645C1ABF28
:10050000194610467FEA655C1CBF0B46024650EA5E
:10051000013406BF52EA033591EA030F41F400218A
:1005200030BD00BF90F0000F04BF0021704730B510
:100530004FF4806404F132044FF000054FF00001E5
:1005400050E700BF90F0000F04BF0021704730B5A6
:100550004FF4806404F1320410F0004548BF40427B
:100560004FF000013EE700BF42004FEAE2014FEAD0
:1005700031014FEA02701FBF12F07F4393F07F4FAB
:1005800081F06051704732F07F4208BF704793F0AE
:100590007F4F04BF41F40021704730B54FF46074C1
:1005A00001F0004521F000411CE700BF50EA0102C4
:1005B00008BF704730B54FF000050AE050EA01026D
:1005C00008BF704730B511F0004502D5404261EBDD
:1005D00041014FF4806404F132045FEA915C3FF41E
:1005E000D8AE4FF003025FEADC0C18BF03325FEABB
:1005F000DC0C18BF033202EBDC02C2F1200300FA6C
:1006000003FC20FA02F001FA03FE40EA0E0021FA90
:1006100002F11444BDE600BF70B54FF0FF0C4CF47E
:10062000E06C1CEA11541DBF1CEA135594EA0C0F30
:1006300095EA0C0F00F0DEF82C4481EA030621EA6B
:100640004C5123EA4C5350EA013518BF52EA0335A6
:1006500041F4801143F4801338D0A0FB02CE4FF058
:100660000005E1FB02E506F00042E0FB03E54FF088
:100670000006E1FB03569CF0000F18BF4EF0010E80
:10068000A4F1FF04B6F5007F64F5407404D25FEA7C
:100690004E0E6D4146EB060642EAC62141EA55512F
:1006A0004FEAC52040EA5E504FEACE2EB4F1FD0C71
:1006B00088BFBCF5E06F1ED8BEF1004F08BF5FEAEF
:1006C000500E50F1000041EB045170BD06F00046A1
:1006D00046EA010140EA020081EA0301B4EB5C044E
:1006E000C2BFD4EB0C0541EA045170BD41F4801146
:1006F0004FF0000E013C00F3AB8014F1360FDEBF6B
:10070000002001F0004170BDC4F10004203C35DA46
:100710000C341BDC04F11404C4F1200500FA05F3C9
:1007200020FA04F001FA05F240EA020001F000426A
:1007300021F0004110EBD37021FA04F642EB0601E0
:100740005EEA430E08BF20EAD37070BDC4F10C040A
:10075000C4F1200500FA04F320FA05F001FA04F2CE
:1007600040EA020001F0004110EBD37041F10001BA
:100770005EEA430E08BF20EAD37070BDC4F12005C5
:1007800000FA05F24EEA020E20FA04F301FA05F22D
:1007900043EA020321FA04F001F0004121FA04F2D5
:1007A00020EA020000EBD3705EEA430E08BF20EAA5
:1007B000D37070BD94F0000F0FD101F000464000DF
:1007C00041EB010111F4801F08BF013CF7D041EA61
:1007D000060195F0000F18BF704703F00046520065
:1007E00043EB030313F4801F08BF013DF7D043EA36
:1007F0000603704794EA0C0F0CEA135518BF95EAEC
:100800000C0F0CD050EA410618BF52EA4306D1D172
:1008100081EA030101F000414FF0000070BD50EA91
:10082000410606BF1046194652EA430619D094EA1B
:100830000C0F02D150EA013613D195EA0C0F05D105
:1008400052EA03361CBF104619460AD181EA030159
:1008500001F0004141F0FE4141F470014FF0000011
:1008600070BD41F0FE4141F4780170BD70B54FF0AC
:10087000FF0C4CF4E06C1CEA11541DBF1CEA13552C
:1008800094EA0C0F95EA0C0F00F0A7F8A4EB05040E
:1008900081EA030E52EA03354FEA013100F0888005
:1008A0004FEA03334FF0805545EA131343EA1263CE
:1008B0004FEA022245EA111545EA10654FEA002683
:1008C0000EF000419D4208BF964244F1FD0404F53C
:1008D000407402D25B084FEA3202B61A65EB030598
:1008E0005B084FEA32024FF480104FF4002CB6EB55
:1008F000020E75EB030E22BFB61A754640EA0C00D5
:100900005B084FEA3202B6EB020E75EB030E22BF14
:10091000B61A754640EA5C005B084FEA3202B6EB55
:10092000020E75EB030E22BFB61A754640EA9C0014
:100930005B084FEA3202B6EB020E75EB030E22BFE4
:10094000B61A754640EADC0055EA060E18D04FEAA2
:10095000051545EA16754FEA06164FEAC30343EA42
:1009600052734FEAC2025FEA1C1CC0D111F4801F0F
:100970000BD141EA00014FF000004FF0004CB6E708
:1009800011F4801F04BF01430020B4F1FD0C88BFA7
:10099000BCF5E06F3FF6AFAEB5EB030C04BFB6EBB2
:1009A000020C5FEA500C50F1000041EB045170BDA5
:1009B0000EF0004E4EEA113114EB5C04C2BFD4EBD2
:1009C0000C0541EA045170BD41F480114FF0000E56
:1009D000013C90E645EA060E8DE60CEA135594EAD2
:1009E0000C0F08BF95EA0C0F3FF43BAF94EA0C0FD5
:1009F0000AD150EA01347FF434AF95EA0C0F7FF44A
:100A000025AF104619462CE795EA0C0F06D152EA9D
:100A100003353FF4FDAE1046194622E750EA410681
:100A200018BF52EA43067FF4C5AE50EA41047FF492
:100A30000DAF52EA43057FF4EBAE12E74FF0FF3CF7
:100A400006E000BF4FF0010C02E000BF4FF0010CC8
:100A50004DF804CD4FEA410C7FEA6C5C4FEA430C41
:100A600018BF7FEA6C5C1BD001B050EA410C0CBF90
:100A700052EA430C91EA030F02BF90EA020F0020F2
:100A8000704710F1000F91EA030F58BF994208BF59
:100A900090422CBFD8176FEAE37040F00100704716
:100AA0004FEA410C7FEA6C5C02D150EA013C07D16D
:100AB0004FEA430C7FEA6C5CD6D152EA033CD3D0B8
:100AC0005DF8040B704700BF8446104662468C46B2
:100AD0001946634600E000BF01B5FFF7B7FF0028E5
:100AE00048BF10F1000F01BD4DF808EDFFF7F4FF0E
:100AF0000CBF012000205DF808FB00BF4DF808ED99
:100B0000FFF7EAFF34BF012000205DF808FB00BFBB
:100B10004DF808EDFFF7E0FF94BF012000205DF8DD
:100B200008FB00BF4DF808EDFFF7CEFF94BF012092
:100B300000205DF808FB00BF4DF808EDFFF7C4FF8B
:100B400034BF012000205DF808FB00BF4FEA410CD4
:100B50007FEA6C5C02D150EA013C0AD14FEA430CB7
:100B60007FEA6C5C02D152EA033C02D14FF00000F4
:100B700070474FF0010070474FEA410212F5001232
:100B800015D211D56FF47873B3EB625212D94FEAD4
:100B9000C12343F0004343EA505311F0004F23FABE
:100BA00002F018BF404270474FF00000704750EA13
:100BB000013005D111F0004008BF6FF000407047D0
:100BC0004FF00000704700BF4A0011D212F500122A
:100BD00011D20DD56FF47873B3EB62520ED44FEA95
:100BE000C12343F0004343EA505323FA02F0704715
:100BF0004FF00000704750EA013002D14FF0FF3053
:100C000070474FF0000070474FEA4102B2F1E043F5
:100C100024BFB3F5001CDCF1FE5C0DD901F0004CE3
:100C20004FEAC0024CEA5070B2F1004F40EB830033
:100C300008BF20F00100704711F0804F21D113F15F
:100C40003872BCBF01F00040704741F480114FEA98
:100C50005252C2F11802C2F1200C10FA0CF320FA21
:100C600002F018BF40F001004FEAC1234FEAD3233E
:100C700003FA0CFC40EA0C0023FA02F34FEA4303A8
:100C8000CCE77FEA625307D150EA01331EBF4FF031
:100C9000FE4040F44000704701F0004040F0FE404C
:100CA00040F40000704700BF53B94AB9002908BF9B
:100CB00000281CBF4FF0FF314FF0FF3000F0BEB9ED
:100CC000ADF1080C6DE904CE00F03CF8DDF804E06D
:100CD000DDE9022304B0704738B500220023044642
:100CE0000D46FFF70BFF28B920462946BDE83840DE
:100CF00000F00AB8204605F1004100F005F8404236
:100D000061EB410138BD00BFD0B50C4B0022064657
:100D10000F46FFF781FCFFF757FF0446FFF702FC81
:100D2000074B0022FFF778FC02460B463046394657
:100D3000FFF7BAFAFFF748FF2146D0BD0000F03DAB
:100D40000000F0412DE9F047089D8E460446884694
:100D5000002B4AD18A42174662D9B2FA82F64EB1C6
:100D6000C6F1200301FA06F820FA03F3B74043EA7C
:100D70000808B4404FEA174E1FFA87FCB8FBFEF193
:100D8000230C0EFB118843EA084301FB0CF29A4244
:100D900009D9FB1801F1FF3080F0EA809A4240F255
:100DA000E78002393B449A1AA3B2B2FBFEF00EFB75
:100DB000102243EA024300FB0CFC9C4509D9FB18B6
:100DC00000F1FF3280F0D6809C4540F2D3803B4456
:100DD000023840EA0140A3EB0C0300211DB1F340AF
:100DE0000022C5E90032BDE8F0878B4205D90DB17C
:100DF000C5E9000100210846F5E7B3FA83F10029AF
:100E000046D1734502D3824200F20581841A6EEB0B
:100E1000030201209046002DE5D0C5E90048E2E735
:100E2000002A00F09080B2FA82F6002E40F0A480F2
:100E30008A1A030C4FEA174E80B2BCB20121B2FBF2
:100E4000FEFC0EFB1C2243EA024304FB0CF29A4216
:100E500007D9FB180CF1FF3802D29A4200F2E08069
:100E6000C4469B1AB3FBFEF20EFB123340EA034367
:100E700002FB04F49C4207D9FB1802F1FF3002D2B6
:100E80009C4200F2CA8002461B1B42EA0C40A5E7C6
:100E9000C1F120068B4022FA06F71F430EFA01F437
:100EA00020FA06F32EFA06FE4FEA1749234300FA0A
:100EB00001F81FFA87FCBEFBF9F01C0C09FB10EED1
:100EC00044EA0E4400FB0CFEA64502FA01F209D9E1
:100ED0003C1900F1FF3A80F09C80A64540F29980D1
:100EE00002383C44A4EB0E041FFA83FEB4FBF9F372
:100EF00009FB13444EEA044403FB0CFCA44508D947
:100F00003C1903F1FF3E80F08280A4457FD9023B6B
:100F10003C4443EA0040A4EB0C04A0FB02EC644513
:100F20007346E14662D35FD05DB1B8EB030264EB78
:100F3000090404FA06F622FA01F31E43CC40C5E97F
:100F4000006400214FE7B1FBF2FC010C41EA0E41C5
:100F500080B240EA01423B4638463C46B846BE466F
:100F60002026B1FBF7F1A2EB080241EA0C4166E74B
:100F7000014618E710462CE7C6F120022EFA02F3CC
:100F8000B740B14020FA02F24FEA174E0A43B3FBD2
:100F9000FEF8BCB20EFB1833110C41EA034108FB0A
:100FA00004F9B04089454FEA104380B23ED9791820
:100FB00008F1FF3C01D289451FD8A1EB0901B1FB23
:100FC000FEF909FB04F80EFB191192B242EA014244
:100FD000424529D2BA1809F1FF31C4D24245C2D2E2
:100FE000A9F102013A44BEE7F0459DD2BEEB0203EF
:100FF0006CEB070C0138E14696E7A7EB0909494479
:10100000A8F1020CB1FBFEF909FB04F8DBE773461B
:101010007FE7504666E70846FDE63B44023A33E781
:10102000ACF1020C3B441CE749469CE7A1EB0901EB
:10103000C446B1FBFEF909FB04F8C4E7704700BFE2
:1010400080B584B000AFF860B9607A6000BF7B689B
:101050009BB21946B8680BF03BF90346012BF6D05A
:101060007B6818461037BD4680BD000080B582B051
:1010700000AF786039603A6879680B480DF06BFB17
:10108000094A3B68134400221A703B68DAB2074BE6
:101090001A70032106480BF01BF9064B01221A7047
:1010A00000BF0837BD4680BD540600201400002054
:1010B000180000208606002080B483B000AF78605E
:1010C0007B681B68094A934202D1094B01221A70BE
:1010D0007B681B68074A934202D1074B01221A70B2
:1010E00000BF0C37BD465DF8047B70470008004028
:1010F00050060020000C00405106002080B582B050
:1011000000AF78607B681B68134A934220D1134B71
:101110001B780D2B0BD0124B1B785A1CD1B2104AE6
:1011200011701A460D4B19780E4B99540BE00C4B6D
:101130001B781A460B4B00219954094B00221A7058
:10114000094B01221A7001220449084806F07EFD6D
:1011500000BF0837BD4680BD004400409C0600200B
:101160009D060020880600209E06002050050020D5
:101170002DE9B0432DED028B88B002AF01F024FFC2
:1011800000F09AF900F060FC0AF0D6FF00F0FEF9DA
:1011900000F02AFA00F0C8FA00F03CFB00F0DCFB9B
:1011A00000F08CFB00F026FC00219D4805F068FC57
:1011B00000219C4805F064FC3C219B4805F0CEFDD5
:1011C0009A4805F093FB9A4805F090FB99499A4894
:1011D00000F000FE994BD3ED007A994B93ED007A25
:1011E000984BD3ED006A05230093B0EE661AF0EE3B
:1011F000470AB0EE670A944B944A8E49944801F02E
:1012000047FA6FF06303009364236FF031023221D9
:101210008F4801F0AFFA01F03DFF03468D4A13609D
:1012200001228D498D4806F011FD8D4B1B78002B56
:1012300000F0BE808B498C480DF0BAF978618B497B
:101240007869FEF7C5FF0346002B2AD185490020A7
:101250000DF0AEF9F860834900200DF0A9F9B860EF
:10126000804900200DF0A4F97860F8680BF08FFC3D
:10127000B0EE408AB8680BF08AFCF0EE408A7868DD
:101280000BF085FCF0EE407AB0EE671AF0EE680ADB
:10129000B0EE480A6E4801F039FA75480DF06CF866
:1012A00083E074497869FEF793FF0346002B55D11C
:1012B000674BD3ED007AF0EEE77A17EE900AFFF76E
:1012C00053F902460B466C480CF0EEFF604B5B682E
:1012D0001846FFF749F950A3D3E90023FFF7C6FAF0
:1012E00002460B46144623F0004522462B4663482F
:1012F0000CF0DAFF564B9B681846FFF735F946A30A
:10130000D3E90023FFF788F902460B46904623F005
:10131000004942464B465A480CF0C6FF594B1B78D1
:10132000194659480CF0C0FF474BD3E900235748F2
:101330000CF0BAFF3F4BD3E9002355480CF0B4FF43
:10134000544B5B881BB2194653480CF0ADFF3F4B22
:10135000D3E9002351480CF0A7FF26E050497869F3
:10136000FEF736FF0346002B06D14E480DF004F879
:101370004D480DF001F818E04C497869FEF728FF58
:101380000346002B11D1374900200DF011F93861C7
:1013900038690BF0F9FBB0EE407AF0EE607A2A4B38
:1013A00083ED007B32480CF0E7FF2D4B00221A70D2
:1013B0003F4B1B78002B08D03D4B00221A701E4873
:1013C00000F0CEFE224801F0F4F91A4BD3E90023D5
:1013D0002F4938480CF0D8FF3648FEF759FF03462E
:1013E0009BB2194633480AF073FF184B93ED007B0C
:1013F000B0EE470AF0EE670A264800F0ABFC254B3A
:101400009B889BB2DBB2234A528812B292B2194631
:10141000022000F039FC08E77B14AE47E17A743F04
:10142000E803002030040020780400200805002094
:10143000C00400204006002098050020080000207D
:101440000C000020100000200000002048060020B2
:1014500008060020E80600209C0600205005002019
:1014600086060020B016010854060020B4160108B4
:10147000B8160108C0160108C4160108D0160108E4
:10148000DC160108D3060020E8160108FC16010846
:1014900014170108F8050020201701082C1701086F
:1014A0004017010844170108601701086C1701086C
:1014B00050060020A006002080B594B000AF07F1D0
:1014C00020033022002118460DF058F807F10C03D4
:1014D00000221A605A609A60DA601A610023BB60C9
:1014E000284B1B6C274A43F080531364254B1B6C1D
:1014F00003F08053BB60BB6800237B60224B1B68FA
:10150000214A43F4804313601F4B1B6803F480435C
:101510007B607B6801233B624FF480337B62022354
:10152000BB634FF48003FB6304233B6448237B6469
:101530000223BB640323FB6407F12003184604F075
:10154000EDFC0346002B01D000F000FB0F23FB60F5
:1015500002233B6100237B614FF48053BB614FF456
:101560008053FB6107F10C030221184604F04EFF83
:101570000346002B01D000F0E9FA00BF5037BD460A
:1015800080BD00BF003802400070004080B500AF51
:10159000124B134A1A60114B124A5A600F4B002229
:1015A0009A600E4B0022DA600C4B4FF480421A61B5
:1015B0000A4B00225A61094B00229A61074B002214
:1015C000DA61064B00221A62044802F001FA03466F
:1015D000002B01D000F0BAFA00BF80BD94030020B8
:1015E00000540040A086010080B596B000AF07F11E
:1015F000480300221A605A609A60DA6007F14003DB
:1016000000221A605A6007F1240300221A605A600F
:101610009A60DA601A615A619A613B1D20220021AA
:1016200018460CF0ABFF3E4B3E4A1A603C4B47223B
:101630005A603B4B00229A60394B40F2E732DA6045
:10164000374B00221A61364B00225A61344B00227C
:101650009A61334805F0FAF80346002B01D000F0F8
:1016600075FA4FF48053BB6407F1480319462C48C0
:1016700005F0B4FD0346002B01D000F067FA2848BE
:1016800005F0A4F90346002B01D000F05FFA002317
:101690003B6400237B6407F140031946204806F0B1
:1016A000A3F90346002B01D000F050FA60237B62BF
:1016B0000023BB620023FB6200233B6300237B63A8
:1016C0000023BB630023FB6307F1240300221946B8
:1016D000134805F0C1FC0346002B01D000F036FA98
:1016E00000237B600023BB600023FB6000233B6181
:1016F00000237B614FF40053BB6100233B623B1D21
:101700001946074806F0ECF90346002B01D000F01B
:101710001DFA034801F060FA00BF5837BD4680BD8E
:10172000E80300200000014080B58EB000AF07F153
:10173000280300221A605A609A60DA6007F12003D9
:1017400000221A605A603B1D00221A605A609A609B
:10175000DA601A615A619A612D4B4FF080421A602B
:101760002B4B47225A602A4B00229A60284B40F2AA
:10177000E732DA60264B00221A61254B00229A617B
:10178000234805F063F80346002B01D000F0DEF992
:101790004FF48053BB6207F1280319461C4805F03B
:1017A0001DFD0346002B01D000F0D0F9184805F0CC
:1017B0000DF90346002B01D000F0C8F900233B626D
:1017C00000237B6207F120031946114806F00CF94B
:1017D0000346002B01D000F0B9F960237B600023A1
:1017E000BB600023FB6000237B613B1D0022194688
:1017F000074805F031FC0346002B01D000F0A6F9A4
:10180000034801F0E9F900BF3837BD4680BD00BF8D
:101810003004002080B58CB000AF07F10C03242207
:10182000002118460CF0AAFE3B1D00221A605A60E7
:10183000204B214A1A601F4B00225A601D4B002288
:101840009A601C4B4FF6FF72DA601A4B00221A6145
:10185000184B00229A610323FB6000233B610123A4
:101860007B610023BB610023FB6100233B620123FA
:101870007B620023BB620023FB6207F10C03194665
:101880000C4805F0C5F90346002B01D000F05EF9C5
:1018900000237B600023BB603B1D1946054806F012
:1018A000A3F80346002B01D000F050F900BF3037F9
:1018B000BD4680BD780400200004004080B586B09D
:1018C00000AF07F1080300221A605A609A60DA60DC
:1018D0003B4600221A605A601D4B1E4A1A601C4B80
:1018E00041F61F425A601A4B00229A60184B31226F
:1018F000DA60174B00221A61154B00229A611448D6
:1019000004F0A4FF0346002B01D000F01FF94FF4B0
:101910008053BB6007F1080319460D4805F05EFCD3
:101920000346002B01D000F011F900233B60002397
:101930007B603B461946064806F056F80346002BE6
:1019400001D000F003F900BF1837BD4680BD00BFCD
:10195000C00400200008004080B586B000AF07F149
:10196000080300221A605A609A60DA603B4600223F
:101970001A605A601D4B1E4A1A601C4B41F61F42EA
:101980005A601A4B00229A60184BC722DA60174B34
:1019900000221A61154B00229A61144804F056FF88
:1019A0000346002B01D000F0D1F84FF48053BB6008
:1019B00007F1080319460D4805F010FC0346002BFB
:1019C00001D000F0C3F800233B6000237B603B465E
:1019D0001946064806F008F80346002B01D000F02F
:1019E000B5F800BF1837BD4680BD00BF0805002010
:1019F000000C004080B500AF114B124A1A60104B2A
:101A00004FF4E1325A600E4B00229A600C4B0022D8
:101A1000DA600B4B00221A61094B0C225A61084B09
:101A200000229A61064B0022DA61054806F0BEF8F2
:101A30000346002B01D000F089F800BF80BD00BF35
:101A4000500500200044004080B58AB000AF07F187
:101A5000140300221A605A609A60DA601A61002347
:101A60003B61374B1B6B364A43F080031363344BA7
:101A70001B6B03F080033B613B690023FB60304B31
:101A80001B6B2F4A43F0010313632D4B1B6B03F0B9
:101A90000103FB60FB680023BB60294B1B6B284ADA
:101AA00043F004031363264B1B6B03F00403BB607A
:101AB000BB6800237B60224B1B6B214A43F002036F
:101AC00013631F4B1B6B03F002037B607B680023D7
:101AD0003B601B4B1B6B1A4A43F010031363184BFC
:101AE0001B6B03F010033B603B680022302115485C
:101AF00001F054FF00220321134801F04FFF30236F
:101B00007B610123BB610023FB6102233B6207F180
:101B1000140319460B4801F091FC03237B61012358
:101B2000BB610023FB6102233B6207F114031946EA
:101B3000054801F083FC00BF2837BD4680BD00BFCB
:101B400000380240000802400004024080B400AFA8
:101B500072B600BF00BFFDE780B500AF01220121D2
:101B6000044801F01BFF00220221024801F016FF89
:101B700000BF80BD0004024080B500AF00221021EC
:101B8000044801F00BFF01222021024801F006FF6A
:101B900000BF80BD0008024080B500AF00220121D7
:101BA000044801F0FBFE01220221024801F0F6FE8A
:101BB00000BF80BD0004024080B500AF01221021AB
:101BC000044801F0EBFE00222021024801F0E6FE6D
:101BD00000BF80BD0008024080B500AF0022012197
:101BE000044801F0DBFE00220221024801F0D6FE8B
:101BF00000BF80BD0004024080B500AF002210216C
:101C0000044801F0CBFE00222021024801F0C6FE6C
:101C100000BF80BD0008024080B485B000AF03461D
:101C2000FB80FB88642B01D96423FB80FB881A4668
:101C3000920013445B00FB81044B1B68FA895A63D2
:101C400000BF1437BD465DF8047B7047E8030020F1
:101C500080B485B000AF0346FB80FB88642B01D9BC
:101C60006423FB80FB881A46920013445B00FB81CF
:101C7000044B1B68FA895A6300BF1437BD465DF8F0
:101C8000047B70473004002080B582B000AF03466B
:101C9000FB710B46BB711346BB80BB88642B01D91B
:101CA0006423BB80FB79022B2CD0022B47DC002B5A
:101CB00002D0012B13D042E0BB79022B02D1FFF7F7
:101CC0008BFF40E0BB79002B02D1FFF745FF01E01D
:101CD000FFF762FFBB881846FFF79EFF33E0BB7932
:101CE000022B02D1FFF788FF2DE0BB79002B02D138
:101CF000FFF742FF01E0FFF75FFFBB881846FFF7E1
:101D0000A7FF20E0BB79022B04D1FFF765FFFFF7A7
:101D100073FF18E0BB79002B04D1FFF71DFFFFF71D
:101D20002BFF03E0FFF738FFFFF746FFBB8818469D
:101D3000FFF772FFBB881846FFF78AFF03E00448ED
:101D40000CF01AFB00BF00BF0837BD4680BD00BFC6
:101D500088170108F0B587B000AF786187ED020BF6
:101D600001231E464FF000024FF00003D7E90201A5
:101D7000FEF7C4FE0346002B01D100231E46F3B23A
:101D800083F00103DBB29AB27B699A80BB683B6047
:101D9000FB6823F000437B604FF000020C4BD7E957
:101DA0000001FEF7C9FE0346002B01D0642209E0C2
:101DB000BC68FB6823F0004520462946FEF7DCFEA0
:101DC00003461AB27B695A8000BF1C37BD46F0BD7E
:101DD0000000594080B588B004AF786039607B68F6
:101DE0003A689A65642001F061F94FF47A730293BE
:101DF0000123019307F10F03009301237522D021E2
:101E0000264802F053F8FA7B254B1A70FB7B682BAF
:101E10003FD10023BB734FF47A73029301230193E4
:101E200007F10E03009301236B22D0211B4801F020
:101E300043FF0723BB734FF47A730293012301938B
:101E400007F10E03009301231922D021134801F05A
:101E500033FF0023BB734FF47A7302930123019382
:101E600007F10E03009301231C22D0210B4801F03F
:101E700023FF0023BB734FF47A7302930123019372
:101E800007F10E03009301231B22D021034801F028
:101E900013FF00BF1037BD4680BD00BF9403002074
:101EA000D3060020B0B596B000AFF86187ED040B03
:101EB00087ED021B87ED002BFB69D3E90823D7E9E7
:101EC0000201FEF7F1F902460B46C7E91423FB694C
:101ED000D3E90645D7E91423D7E90001FEF79CFBB7
:101EE00002460B4620462946FEF7E0F902460B461D
:101EF000F969C1E90623FB69D3E90A45FB69D3E91E
:101F00001001D7E90023FEF787FB02460B46104677
:101F10001946FB69D3E90C23FEF7C6F902460B46C6
:101F200010461946FB69D3E90E23FEF7BDF90246B8
:101F30000B4610461946FB69D3E90023FEF7B6F9B4
:101F400002460B4610461946D7E90023FEF764FB0C
:101F500002460B4620462946FEF7A8F902460B46E4
:101F6000F969C1E90A23FB69D3E90C45FB69D3E9A7
:101F70001001D7E90023FEF74FFB02460B4620462F
:101F80002946FEF791F902460B46F969C1E90C238F
:101F9000FB69D3E90E45FB69D3E91001D7E90023BA
:101FA000FEF73AFB02460B4620462946FEF77CF92F
:101FB00002460B46F969C1E90E23FB69D3E91045D6
:101FC000FB69D3E90201D7E90023FEF725FB0246AE
:101FD0000B4620462946FEF769F902460B46F96989
:101FE000C1E91023FB69D3E90A01FB69D3E90423A2
:101FF000FEF75CF902460B46C7E91223FB69D3E9F9
:102000000A01D7E91223FEF731FC02460B46C7E965
:102010000823FB69D3E90E01D7E91223FEF726FC5A
:1020200002460B46C7E90A23FB69D3E90623D7E931
:102030000401FEF739F902460B46C7E91023FB6994
:10204000D3E90645D7E90801D7E91023FEF7E4FAFA
:1020500002460B4620462946FEF728F902460B4663
:10206000F969C1E90623FB69D3E90845D7E90A0103
:10207000D7E91023FEF7D0FA02460B462046294640
:10208000FEF714F902460B46F969C1E90823FB691A
:10209000D3E90A23C7E90E23FB69D3E90C23C7E977
:1020A0000C23FB69D3E90A45D7E90801D7E90E23D8
:1020B000FEF7B2FA02460B4620462946FEF7F4F830
:1020C00002460B46F969C1E90A23FB69D3E90C45CD
:1020D000D7E90801D7E90C23FEF79EFA02460B4622
:1020E00020462946FEF7E0F802460B46F969C1E9A9
:1020F0000C23FB69D3E90E45D7E90A01D7E90E2382
:10210000FEF78AFA02460B4620462946FEF7CCF82F
:1021100002460B46F969C1E90E23FB69D3E9104574
:10212000D7E90A01D7E90C23FEF776FA02460B46F7
:1021300020462946FEF7B8F802460B46F969C1E980
:102140001023FB69D3E9062343EC172BB0EE470AB3
:10215000F0EE670A5837BD46B0BD00000000000031
:102160002DE9B04F94B004AF7860052000F09EFFD9
:102170004FF47A7302930E23019307F1080300933F
:1021800001233B22D021A04801F090FE03461A46CD
:102190009E4B1A709D4B1B78002B0ED000F00CFA52
:1021A000994801F059FD032000F080FF964801F0A6
:1021B0000FFC974B00221A70E7E1954B68221A70CA
:1021C0003B7A1BB21B021AB27B7A1BB213431AB2C0
:1021D0007B681A80BB7A1BB21B021AB2FB7A1BB255
:1021E00013431AB27B685A803B7B1BB21B021AB2A4
:1021F0007B7B1BB213431AB27B689A80BB7B1BB2FA
:102200001B021AB2FB7B1BB21343FB863B7C1BB247
:102210001B021AB27B7C1BB213431AB27B681A846E
:10222000BB7C1BB21B021AB2FB7C1BB213431AB25B
:102230007B685A843B7D1BB21B021AB27B7D1BB2AA
:1022400013431AB27B689A847B68B3F9003018464E
:10225000FEF778F94FF000026E4BFEF707FB0246DF
:102260000B467968C1E902237B68B3F9023018464E
:10227000FEF768F94FF00002664BFEF7F7FA0246E8
:102280000B467968C1E904237B68B3F9043018462A
:10229000FEF758F956A3D3E90023FEF7E7FA024602
:1022A0000B467968C1E90623B7F9363007EE903A54
:1022B000B8EEE77ADFED586AC7EE267A9FED577AD7
:1022C00077EE877A7B68C3ED107A7B68B3F92030AC
:1022D0001846FEF737F948A3D3E90023FEF7C6FAFC
:1022E00002460B467968C1E90A237B68B3F92230BC
:1022F0001846FEF727F940A3D3E90023FEF7B6FA04
:1023000002460B467968C1E90C237B68B3F9243097
:102310001846FEF717F938A3D3E90023FEF7A6FA0B
:1023200002460B467968C1E90E2300F0B3FE02466F
:102330003B4B1B68D31A1846FEF7F4F84FF0000227
:10234000384BFEF793FA02460B46C7E90A2300F022
:10235000A1FE0346324A13607B68B3F900301A4687
:102360007B68B3F9003003FB02F27B68B3F90430F9
:1023700019467B68B3F9043001FB03F31344184694
:10238000FEF7E0F802460B4643EC102B0EF018FE69
:1023900087ED080B4FF000024FF00003D7E908016A
:1023A000FEF7A2FB0346002B3ED17B68B3F9023057
:1023B0001846FEF7C7F8D7E90823FEF757FA024692
:1023C0000B4643EC172BB0EE470AF0EE670A0EF00F
:1023D00023FE51EC100B0AA3D3E90023FEF71CF9EE
:1023E00002460B46C7E90E2324E000BFAFF300808E
:1023F000000000000029CC400000000000606040A8
:10240000F8C1631ADCA54C4094030020D2060020DA
:10241000D30600200000D0400000AA43B81E12429C
:10242000E806002000408F404FF000024FF000030C
:10243000C7E90E237B68B3F900305B421846FEF70C
:1024400081F882468B467B68B3F904301846FEF764
:1024500079F802460B4643EC112B4BEC10AB0EF017
:10246000ADFD51EC100B52A3D3E90023FEF7D4F8D5
:1024700002460B46C7E906234FF00002464BD7E958
:102480000601FEF73BFB0346002B0AD07B68D3E92D
:1024900014014FF00002414BFEF74EFB0346002BA8
:1024A00014D14FF000023D4BD7E90601FEF744FB83
:1024B0000346002B15D07B68D3E914014FF00002CE
:1024C000354BFEF71BFB0346002B0AD03449D7E9F6
:1024D0000623C1E906237968D7E90623C1E9142355
:1024E00014E07B6893ED0C7B97ED0A2BB0EE471A56
:1024F000F0EE671A97ED060B2948FFF7D3FCB0EE14
:10250000407AF0EE607A7B6883ED147B7B68D3E9D8
:102510001423904623F000494FF000021F4B404621
:102520004946FEF709FB0346002B08D07B68D3E938
:102530000A23144683F000457B68C3E90A4519491C
:10254000D7E90E23C1E900231749D7E90623C1E9DA
:1025500000237B6893ED0A7B97ED0A2BB0EE471AB8
:10256000F0EE671A97ED0E0B1048FFF79BFCB0EEEC
:10257000407AF0EE607A7B6883ED127B7B68996D20
:102580007B68D3E91223C1E900234037BD46BDE88B
:10259000B08F00BFAFF30080008056C0008056406F
:1025A00068000020D8060020E0060020200000205F
:1025B000F8C1631ADCA54C4080B586B000AF3B463D
:1025C00000221A605A609A60DA601A61C0233B6088
:1025D00011237B600123BB600223FB603B4619464D
:1025E0002A4800F02BFF01228021284801F0D6F96B
:1025F000012000F05BFD00237B6119E0802123486E
:1026000001F0B4F90346012B16D0012240211F48E6
:1026100001F0C4F9012000F049FD002240211B48CF
:1026200001F0BCF9012000F041FD7B6901337B61C1
:102630007B69082BE2DD00E000BF00228021134807
:1026400001F0ACF9012000F031FD012240210F48DA
:1026500001F0A4F9012000F029FD012280210B489E
:1026600001F09CF9012000F021FD12237B60002382
:10267000BB600223FB6004233B613B4619460348D1
:1026800000F0DCFE00BF1837BD4680BD00040240EC
:1026900080B588B000AFF861B9617A613B6187EDC0
:1026A000030AC7ED020A87ED011AFB69BA69DA610C
:1026B000FB697A691A62FB693A695A62B96AF86910
:1026C00000F015F897ED011AD7ED020A97ED030A0D
:1026D000F86900F01BF800F0DDFC0246FB69DB68DE
:1026E000D21AFB691A6100BF2037BD4680BD80B495
:1026F00083B000AF786039607B683A68DA6000BF09
:102700000C37BD465DF8047B7047000080B487B08D
:1027100000AFF86087ED020AC7ED010A87ED001AE5
:10272000FB68DB6807EE903AB8EE677ADFED106A77
:10273000C7EE267AC7ED057AFB68BA681A6097ED8E
:10274000017AD7ED057A67EE277AFB68C3ED017A47
:10275000D7ED006A97ED057AC6EE877AFB68C3ED80
:10276000027A00BF1C37BD465DF8047B704700BF8E
:1027700000007A4480B485B000AFF8600846114686
:102780001A4603467B810B463B811346FB80FB6860
:102790007A899A82FB683A89DA82FB68FA881A8316
:1027A000FB683A8B5A8300BF1437BD465DF8047B43
:1027B0007047B0B58EB000AF786000F06BFC786306
:1027C0007B681B697A6BD31A3B637B68DB683A6B67
:1027D0009A42C0F0A9807B68DB69D3E90023C7E98E
:1027E0000A237B685B6AD3E90023C7E90823D7E99A
:1027F0000A23D7E90801FDF757FD02460B46C7E952
:1028000006237B68D3E90A457B685B681846FDF7B9
:10281000ABFED7E90623FDF7FFFE02460B46204636
:102820002946FDF743FD02460B467968C1E90A23B4
:102830007B68D3E90A457B68B3F914301846FDF785
:1028400081FE02460B4620462946FEF775F90346EF
:10285000002B0AD07B68B3F914301846FDF772FEDE
:1028600002460B467968C1E90A237B68D3E90A4529
:102870007B68B3F916301846FDF764FE02460B4636
:1028800020462946FEF73AF90346002B0AD07B681A
:10289000B3F916301846FDF755FE02460B46796827
:1028A000C1E90A237B68D3E90C23D7E90601FDF7C8
:1028B000FBFC02460B46C7E904237B681B681846ED
:1028C000FDF752FED7E90623FDF7A6FE02460B46AA
:1028D000104619467B68D3E90A23FDF7E7FC024658
:1028E0000B4614461D467B689B681846FDF73CFE68
:1028F000D7E90423FDF790FE02460B462046294601
:10290000FDF7D4FC02460B46C7E902237B68196A2F
:10291000D7E90223C1E900237968D7E90623C1E991
:102920000C237B687A6B1A6100BF3837BD46B0BD97
:1029300080B483B000AF00237B60104B5B6C0F4A08
:1029400043F4804353640D4B5B6C03F480437B6022
:102950007B6800233B60094B1B6C084A43F08053A3
:102960001364064B1B6C03F080533B603B6800BF55
:102970000C37BD465DF8047B704700BF003802404D
:1029800080B58AB000AF786007F1140300221A60A6
:102990005A609A60DA601A617B681B68194A934230
:1029A0002CD100233B61184B1B6B174A43F00203E9
:1029B0001363154B1B6B03F002033B613B694FF440
:1029C00040737B611223BB610023FB6103233B62E5
:1029D00004237B6207F1140319460C4800F02EFD16
:1029E0000023FB60084B1B6C074A43F4001313647D
:1029F000054B1B6C03F40013FB60FB6800BF28371A
:102A0000BD4680BD00540040003802400004024032
:102A100080B582B000AF78607B681B680B4A934238
:102A20000FD10B4B1B6C0A4A23F4001313644FF4B1
:102A30008071084800F09EFE4FF40071054800F0D8
:102A400099FE00BF0837BD4680BD00BF005400405E
:102A5000003802400004024080B586B000AF7860C4
:102A60007B681B68344A934216D100237B61334B49
:102A70005B6C324A43F001035364304B5B6C03F0F0
:102A800001037B617B6900220021182000F00DFC0E
:102A9000182000F026FC4AE07B681B68B3F1804FE9
:102AA0000ED100233B61254B1B6C244A43F00103EC
:102AB0001364224B1B6C03F001033B613B6936E05E
:102AC0007B681B681E4A934216D10023FB601B4B98
:102AD0001B6C1A4A43F004031364184B1B6C03F07D
:102AE0000403FB60FB68002200211E2000F0DDFBD8
:102AF0001E2000F0F6FB1AE07B681B68114A934227
:102B000015D10023BB600D4B1B6C0C4A43F008032E
:102B100013640A4B1B6C03F00803BB60BB68002204
:102B20000021322000F0C1FB322000F0DAFB00BFB0
:102B30001837BD4680BD00BF00000140003802408C
:102B400000080040000C004080B58AB000AF7860FB
:102B500007F1140300221A605A609A60DA601A6161
:102B60007B681B68194A93422BD100233B61184BA9
:102B70001B6C174A43F002031364154B1B6C03F0E4
:102B800002033B613B690023FB60114B1B6B104A46
:102B900043F0010313630E4B1B6B03F00103FB6057
:102BA000FB68C0237B610223BB610023FB61002320
:102BB0003B6202237B6207F114031946054800F0CB
:102BC0003DFC00BF2837BD4680BD00BF000400406B
:102BD000003802400000024080B58AB000AF786043
:102BE00007F1140300221A605A609A60DA601A61D1
:102BF0007B681B68244A93421FD100233B61234B0F
:102C00001B6B224A43F010031363204B1B6B03F032
:102C100010033B613B694FF400737B610223BB618E
:102C20000023FB6100233B6201237B6207F1140355
:102C30001946174800F002FC22E07B681B68B3F1DC
:102C4000804F1DD10023FB60104B1B6B0F4A43F0DC
:102C5000010313630D4B1B6B03F00103FB60FB6867
:102C600020237B610223BB610023FB6100233B62C5
:102C700001237B6207F114031946064800F0DEFBCE
:102C800000BF2837BD4680BD00000140003802402B
:102C9000001002400000024080B58AB000AF7860AA
:102CA00007F1140300221A605A609A60DA601A6110
:102CB0007B681B681D4A934233D100233B611C4B48
:102CC0001B6C1B4A43F400331364194B1B6C03F455
:102CD00000333B613B690023FB60154B1B6B144ABF
:102CE00043F001031363124B1B6B03F00103FB6002
:102CF000FB680C237B610223BB610023FB61032380
:102D00003B6207237B6207F114031946094800F070
:102D100095FB00220021262000F0C7FA262000F0B3
:102D2000E0FA00BF2837BD4680BD00BF0044004028
:102D3000003802400000024080B400AF00BFFDE751
:102D400080B400AF00BFFDE780B400AF00BFFDE777
:102D500080B400AF00BFFDE780B400AF00BFFDE767
:102D600080B400AF00BFBD465DF8047B704780B4FF
:102D700000AF00BFBD465DF8047B704780B400AF74
:102D800000BFBD465DF8047B704780B500AF00F022
:102D90006DF900BF80BD000080B500AF024804F0AF
:102DA0006BF800BF80BD00BFE803002080B500AF16
:102DB000024804F061F800BF80BD00BFC0040020DD
:102DC00080B500AF024804F067FF00BF80BD00BFC0
:102DD0005005002080B500AF024804F04DF800BF58
:102DE00080BD00BF0805002080B500AF024801F09B
:102DF00087FF00BF80BD00BFD41B002080B400AFA0
:102E000001231846BD465DF8047B704780B582B04B
:102E100000AF786039600BF071FC034616221A602F
:102E20004FF0FF3318460837BD4680BD80B582B0ED
:102E300000AF78604FF0FF317868FFF7E7FF00BF21
:102E4000FDE780B586B000AFF860B9607A60002316
:102E50007B610AE0AFF300800146BB685A1CBA6090
:102E6000CAB21A707B6901337B617A697B689A42C6
:102E7000F0DB7B6818461837BD4680BD80B483B050
:102E800000AF78604FF0FF3318460C37BD465DF851
:102E9000047B704780B483B000AF786039603B68D2
:102EA0004FF400525A60002318460C37BD465DF8B7
:102EB000047B704780B483B000AF7860012318466C
:102EC0000C37BD465DF8047B704780B485B000AF19
:102ED000F860B9607A60002318461437BD465DF883
:102EE000047B704780B586B000AF7860144A154BFC
:102EF000D31A7B617B693B61134B1B68002B02D1AA
:102F0000114B124A1A60104B1A687B6813443A69D5
:102F10009A4207D20BF0F2FB03460C221A604FF0E4
:102F2000FF3309E0084B1B68FB60074B1A687B689E
:102F30001344054A1360FB6818461837BD4680BD28
:102F40000000022000040000EC06002028240020DD
:102F500080B400AF064BD3F88830054A43F47003C1
:102F6000C2F8883000BFBD465DF8047B704700BFE3
:102F700000ED00E0DFF834D0FFF7EAFF0C480D4920
:102F80000D4A002302E0D458C4500433C4188C42C4
:102F9000F9D30A4A0A4C002301E013600432A2422A
:102FA000FBD30BF0B1FBFEF7E3F870470000022003
:102FB0000000002074030020181D01087803002081
:102FC00024240020FEE7000080B500AF0E4B1B68F4
:102FD0000D4A43F4007313600B4B1B680A4A43F419
:102FE00080631360084B1B68074A43F480731360C7
:102FF000032000F04FF90F2000F008F8FFF798FCCD
:103000000023184680BD00BF003C024080B582B05E
:1030100000AF7860124B1A68124B1B7819464FF4B8
:103020007A73B3FBF1F3B2FBF3F3184600F067F9E0
:103030000346002B01D001230EE07B680F2B0AD83A
:10304000002279684FF0FF3000F02FF9064A7B68C4
:103050001360002300E0012318460837BD4680BDF9
:10306000B0000020B8000020B400002080B400AF01
:10307000064B1B781A46064B1B681344044A136020
:1030800000BFBD465DF8047B704700BFB80000205C
:10309000F006002080B400AF034B1B681846BD4605
:1030A0005DF8047B704700BFF006002080B584B057
:1030B00000AF7860FFF7EEFFB8607B68FB60FB68ED
:1030C000B3F1FF3F05D00A4B1B781A46FB68134447
:1030D000FB6000BFFFF7DEFF0246BB68D31AFA6849
:1030E0009A42F7D800BF00BF1037BD4680BD00BF71
:1030F000B800002080B485B000AF78607B6803F032
:103100000703FB600C4BDB68BB60BA684FF6FF033C
:103110001340BB60FB681A02BB68134343F0BF63F4
:1031200043F40033BB60044ABB68D36000BF14376C
:10313000BD465DF8047B704700ED00E080B400AF51
:10314000044BDB681B0A03F007031846BD465DF815
:10315000047B704700ED00E080B483B000AF03460D
:10316000FB7197F90730002B0BDBFB7903F01F0293
:10317000074997F907305B09012000FA02F241F88C
:10318000232000BF0C37BD465DF8047B704700BFAD
:1031900000E100E080B483B000AF03463960FB710A
:1031A00097F90730002B0ADB3B68DAB20C4997F934
:1031B00007301201D2B20B4483F800230AE03B68C7
:1031C000DAB20849FB7903F00F03043B1201D2B2D3
:1031D0000B441A7600BF0C37BD465DF8047B704780
:1031E00000E100E000ED00E080B489B000AFF860DD
:1031F000B9607A60FB6803F00703FB61FB69C3F108
:103200000703042B28BF0423BB61FB690433062B8F
:1032100002D9FB69033B00E000237B614FF0FF32E2
:10322000BB6902FA03F3DA43BB681A407B699A4030
:103230004FF0FF317B6901FA03F3D9437B680B4000
:10324000134318462437BD465DF8047B70470000E1
:1032500080B582B000AF78607B68013BB3F1807FBE
:1032600001D301230FE00A4A7B68013B53600F2121
:103270004FF0FF30FFF78EFF054B00229A60044BA2
:1032800007221A60002318460837BD4680BD00BFDC
:1032900010E000E080B582B000AF78607868FFF79A
:1032A00029FF00BF0837BD4680BD80B586B000AF9E
:1032B0000346B9607A60FB7300237B61FFF73EFF32
:1032C00078617A68B9687869FFF78EFF024697F9E6
:1032D0000F3011461846FFF75DFF00BF1837BD4697
:1032E00080BD80B582B000AF0346FB7197F907300F
:1032F0001846FFF731FF00BF0837BD4680BD80B5D7
:1033000082B000AF78607868FFF7A2FF03461846E6
:103310000837BD4680BD80B584B000AF78607B685B
:103320009B6DFB60FFF7B6FEB8607B6893F83530A5
:10333000DBB2022B08D07B6880225A657B680022B2
:1033400083F83420012352E07B681B681A687B688D
:103350001B6822F016021A607B681B685A697B683A
:103360001B6822F080025A617B681B6C002B03D122
:103370007B689B6C002B07D07B681B681A687B6896
:103380001B6822F008021A607B681B681A687B6859
:103390001B6822F001021A6013E0FFF77BFE024671
:1033A000BB68D31A052B0CD97B6820225A657B6831
:1033B000032283F835207B68002283F8342003231E
:1033C00015E07B681B681B6803F00103002BE4D148
:1033D0007B68DB6D3F229A40FB689A607B68012224
:1033E00083F835207B68002283F8342000231846B8
:1033F0001037BD4680BD80B483B000AF78607B6875
:1034000093F83530DBB2022B04D07B6880225A65FA
:1034100001230CE07B68052283F835207B681B685C
:103420001A687B681B6822F001021A6000231846A4
:103430000C37BD465DF8047B7047000080B489B04E
:1034400000AF7860396000237B6100233B6100237B
:10345000BB610023FB616BE10122FB6902FA03F30C
:103460007B613B681B687A6913403B613A697B6901
:103470009A4240F05A813B685B6803F00303012BDA
:1034800005D03B685B6803F00303022B30D17B68F7
:103490009B68BB61FB695B00032202FA03F3DB4319
:1034A000BA691340BB613B68DA68FB695B0002FAEA
:1034B00003F3BA691343BB617B68BA699A607B689E
:1034C0005B68BB610122FB6902FA03F3DB43BA6963
:1034D0001340BB613B685B681B0903F00102FB6999
:1034E00002FA03F3BA691343BB617B68BA695A6095
:1034F0003B685B6803F00303032B17D07B68DB6832
:10350000BB61FB695B00032202FA03F3DB43BA6988
:103510001340BB613B689A68FB695B0002FA03F3E6
:10352000BA691343BB617B68BA69DA603B685B6860
:1035300003F00303022B23D1FB69DA087B6808320E
:1035400053F82230BB61FB6903F007039B000F2295
:1035500002FA03F3DB43BA691340BB613B681A69A3
:10356000FB6903F007039B0002FA03F3BA691343F4
:10357000BB61FB69DA087B680832B96943F822103D
:103580007B681B68BB61FB695B00032202FA03F3E3
:10359000DB43BA691340BB613B685B6803F003021D
:1035A000FB695B0002FA03F3BA691343BB617B68F2
:1035B000BA691A603B685B6803F44033002B00F083
:1035C000B4800023FB60604B5B6C5F4A43F4804334
:1035D00053645D4B5B6C03F48043FB60FB685B4AA8
:1035E000FB699B08023352F82330BB61FB6903F08F
:1035F00003039B000F2202FA03F3DB43BA69134073
:10360000BB617B68524A93422BD07B68514A9342FC
:1036100025D07B68504A93421FD07B684F4A934223
:1036200019D07B684E4A934213D07B684D4A93422F
:103630000DD07B684C4A934207D07B684B4A93423B
:1036400001D107230EE008230CE006230AE005233E
:1036500008E0042306E0032304E0022302E0012340
:1036600000E00023FA6902F0030292009340BA6975
:103670001343BB613549FB699B080233BA6941F8C2
:1036800023203B4B9B68BB613B69DB43BA6913401A
:10369000BB613B685B6803F48013002B03D0BA69FD
:1036A0003B691343BB61324ABB699360304BDB68B3
:1036B000BB613B69DB43BA691340BB613B685B6834
:1036C00003F40013002B03D0BA693B691343BB61B9
:1036D000274ABB69D360264B5B68BB613B69DB4310
:1036E000BA691340BB613B685B6803F40033002B8D
:1036F00003D0BA693B691343BB611D4ABB69536080
:103700001B4B1B68BB613B69DB43BA691340BB6160
:103710003B685B6803F48033002B03D0BA693B69D4
:103720001343BB61124ABB691360FB690133FB6140
:10373000FB690F2B7FF690AE00BF00BF2437BD465C
:103740005DF8047B704700BF00380240003801403C
:10375000000002400004024000080240000C024049
:10376000001002400014024000180240001C0240F9
:10377000003C014080B487B000AF7860396000231E
:103780003B610023FB600023BB6000237B61CDE035
:1037900001227B6902FA03F33B613A683B691340FB
:1037A000FB60FA683B699A4240F0BD80654A7B69DC
:1037B0009B08023352F82330BB607B6903F003039C
:1037C0009B000F2202FA03F3BA681340BB607B68C8
:1037D0005D4A93422BD07B685C4A934225D07B683C
:1037E0005B4A93421FD07B685A4A934219D07B6848
:1037F000594A934213D07B68584A93420DD07B6854
:10380000574A934207D07B68564A934201D1072317
:103810000EE008230CE006230AE0052308E0042359
:1038200006E0032304E0022302E0012300E000237A
:103830007A6902F0030292009340BA689A4232D148
:10384000494B1A68FB68DB43474913400B60464B02
:103850005A68FB68DB43444913404B60424BDA68CB
:10386000FB68DB4340491340CB603F4B9A68FB68E1
:10387000DB433D4913408B607B6903F003039B00EE
:103880000F2202FA03F3BB602E4A7B699B080233C6
:1038900052F82310BB68DA432A487B699B080A4028
:1038A000023340F823207B681A687B695B000321A0
:1038B00001FA03F3DB431A407B681A607B69DA087C
:1038C0007B68083253F822107B6903F007039B00E2
:1038D0000F2202FA03F3DB437A69D20819407B68AE
:1038E000083243F822107B68DA687B695B000321A9
:1038F00001FA03F3DB431A407B68DA607B685A689D
:1039000001217B6901FA03F3DB431A407B685A60AB
:103910007B689A687B695B00032101FA03F3DB4350
:103920001A407B689A607B6901337B617B690F2B4E
:103930007FF62EAF00BF00BF1C37BD465DF8047B8D
:10394000704700BF00380140000002400004024000
:1039500000080240000C0240001002400014024027
:1039600000180240001C0240003C014080B485B0B9
:1039700000AF78600B467B807B681A697B881340B8
:10398000002B02D00123FB7301E00023FB73FB7BC0
:1039900018461437BD465DF8047B704780B483B089
:1039A00000AF78600B467B8013467B707B78002BE2
:1039B00003D07A887B689A6103E07B881A047B686D
:1039C0009A6100BF0C37BD465DF8047B704700006C
:1039D00080B584B000AF78607B68002B01D10123F3
:1039E0002BE17B6893F83D30DBB2002B06D17B687E
:1039F000002283F83C207868FEF7C2FF7B6824220F
:103A000083F83D207B681B681A687B681B6822F07E
:103A100001021A607B681B681A687B681B6842F4A5
:103A200000421A607B681B681A687B681B6822F476
:103A300000421A6002F0E2FEF8607B685B68814A2F
:103A4000934207D8FB68804A934294BF0123002326
:103A5000DBB206E0FB687D4A934294BF012300235A
:103A6000DBB2002B01D00123E7E0FB68784AA2FB20
:103A700003239B0CBB607B681B685B6823F03F01E2
:103A80007B681B68BA680A435A607B681B681B6ABC
:103A900023F03F017B685B686A4A934202D8BB68A7
:103AA000013309E0BB684FF4967202FB03F3694AE5
:103AB000A2FB03239B0901337A6812680B4313624C
:103AC0007B681B68DB6923F44F4222F0FF027B68AE
:103AD0005B685C498B4219D8FB68591E7B685B6840
:103AE0005B00B1FBF3F3591C40F6FC730B40002B59
:103AF0000AD0FB68591E7B685B685B00B1FBF3F37F
:103B00000133C3F30B0351E004234FE07B689B6850
:103B1000002B11D1FB68581E7B6859680B465B006F
:103B20000B44B0FBF3F30133C3F30B03002B0CBFC7
:103B300001230023DBB212E0FB68581E7B68596842
:103B40000B469B000B4499000B44B0FBF3F301338D
:103B5000C3F30B03002B0CBF01230023DBB2002BAC
:103B600001D0012322E07B689B68002B0ED1FB680B
:103B7000581E7B6859680B465B000B44B0FBF3F39F
:103B80000133C3F30B0343F400430FE0FB68581EFB
:103B90007B6859680B469B000B4499000B44B0FBB3
:103BA000F3F30133C3F30B0343F44043796809682B
:103BB0001343CB617B681B681B6823F0C0017B68E3
:103BC000DA697B681B6A1A437B681B680A431A60C0
:103BD0007B681B689B6823F4034323F0FF037A6828
:103BE00011697A68D26811437A6812680B4393604E
:103BF0007B681B68DB6823F0FF017B685A697B6880
:103C00009B691A437B681B680A43DA607B681B6800
:103C10001A687B681B6842F001021A607B68002208
:103C20001A647B68202283F83D207B6800221A6397
:103C30007B68002283F83E20002318461037BD46DB
:103C400080BD00BFA08601007F841E00FF083D00EC
:103C500083DE1B43D34D621080B582B000AF786025
:103C60007B68002B01D1012321E07B68242283F8AB
:103C70003D207B681B681A687B681B6822F0010284
:103C80001A607868FEF7C4FE7B6800221A647B68BD
:103C9000002283F83D207B6800221A637B680022A3
:103CA00083F83E207B68002283F83C2000231846DE
:103CB0000837BD4680BD000080B588B002AFF8600F
:103CC000084611461A4603467B810B463B81134644
:103CD000FB80FFF7DFF97861FB6893F83D30DBB2DA
:103CE000202B40F0D9807B690093192301226D4974
:103CF000F86800F08BFC0346002B01D00223CCE0D7
:103D0000FB6893F83C30012B01D10223C5E0FB682E
:103D1000012283F83C20FB681B681B6803F0010349
:103D2000012B07D0FB681B681A68FB681B6842F010
:103D300001021A60FB681B681A68FB681B6822F4A2
:103D400000621A60FB68212283F83D20FB68402254
:103D500083F83E20FB6800221A64FB683A6A5A62C4
:103D6000FB68BA8C5A85FB685B8D9AB2FB681A8532
:103D7000FB684D4ADA62F8883A8979897B69019350
:103D8000BB6A00930346F86800F0C2FA0346002BB2
:103D900052D0012381E07A69B96AF86800F050FDD9
:103DA0000346002B0DD0FB681B6C042B07D1FB686E
:103DB0001B681A68FB681B6842F400721A600123D2
:103DC0006BE0FB685B6A1A78FB681B681A61FB682A
:103DD0005B6A5A1CFB685A62FB681B8D013B9AB2F6
:103DE000FB681A85FB685B8D9BB2013B9AB2FB684E
:103DF0005A85FB681B685B6903F00403042B1BD125
:103E0000FB681B8D002B17D0FB685B6A1A78FB6878
:103E10001B681A61FB685B6A5A1CFB685A62FB6884
:103E20001B8D013B9AB2FB681A85FB685B8D9BB2C8
:103E3000013B9AB2FB685A85FB681B8D002BAAD107
:103E40007A69B96AF86800F043FD0346002B0DD08B
:103E5000FB681B6C042B07D1FB681B681A68FB68A6
:103E60001B6842F400721A60012316E0FB681B68AD
:103E70001A68FB681B6842F400721A60FB68202213
:103E800083F83D20FB68002283F83E20FB68002277
:103E900083F83C20002300E0022318461837BD4673
:103EA00080BD00BF020010000000FFFF80B58CB095
:103EB00002AFF860084611461A4603467B810B465E
:103EC0003B811346FB80FFF7E5F87862FB6893F8C7
:103ED0003D30DBB2202B40F014827B6A0093192323
:103EE00001227B49F86800F091FB0346002B01D0CA
:103EF000022307E2FB6893F83C30012B01D1022337
:103F000000E2FB68012283F83C20FB681B681B6809
:103F100003F00103012B07D0FB681B681A68FB68DC
:103F20001B6842F001021A60FB681B681A68FB6894
:103F30001B6822F400621A60FB68222283F83D208D
:103F4000FB68402283F83E20FB6800221A64FB686D
:103F50003A6B5A62FB68BA8E5A85FB685B8D9AB2DF
:103F6000FB681A85FB685B4ADA62F8883A897989C6
:103F70007B6A0193BB6B00930346F86800F05EFA1E
:103F80000346002B01D00123BCE1FB681B8D002BF5
:103F900013D100233B62FB681B685B693B62FB68D3
:103FA0001B689B693B623B6AFB681B681A68FB687D
:103FB0001B6842F400721A6090E1FB681B8D012BB4
:103FC0001BD1FB681B681A68FB681B6822F48062BF
:103FD0001A600023FB61FB681B685B69FB61FB687F
:103FE0001B689B69FB61FB69FB681B681A68FB68BF
:103FF0001B6842F400721A6070E1FB681B8D022B93
:104000001BD1FB681B681A68FB681B6822F480627E
:104010001A60FB681B681A68FB681B6842F4006240
:104020001A600023BB61FB681B685B69BB61FB68AE
:104030001B689B69BB61BB6950E100237B61FB6826
:104040001B685B697B61FB681B689B697B617B69A3
:1040500044E1FB681B8D032B00F2F180FB681B8D94
:10406000012B23D17A6AB96BF86800F079FC03461A
:10407000002B01D0012345E1FB681B681A69FB682E
:104080005B6AD2B21A70FB685B6A5A1CFB685A62A0
:10409000FB681B8D013B9AB2FB681A85FB685B8D40
:1040A0009BB2013B9AB2FB685A8517E1FB681B8DF6
:1040B000022B4ED17B6A0093BB6B00220649F86845
:1040C00000F0A4FA0346002B08D001231AE100BF38
:1040D000020010000000FFFF04000100FB681B68E5
:1040E0001A68FB681B6842F400721A60FB681B6860
:1040F0001A69FB685B6AD2B21A70FB685B6A5A1C69
:10410000FB685A62FB681B8D013B9AB2FB681A85FB
:10411000FB685B8D9BB2013B9AB2FB685A85FB68DA
:104120001B681A69FB685B6AD2B21A70FB685B6A2B
:104130005A1CFB685A62FB681B8D013B9AB2FB68F4
:104140001A85FB685B8D9BB2013B9AB2FB685A856E
:10415000C4E07B6A0093BB6B00226C49F86800F0F6
:1041600055FA0346002B01D00123CBE0FB681B6806
:104170001A68FB681B6822F480621A60FB681B687F
:104180001A69FB685B6AD2B21A70FB685B6A5A1CD8
:10419000FB685A62FB681B8D013B9AB2FB681A856B
:1041A000FB685B8D9BB2013B9AB2FB685A857B6AC8
:1041B0000093BB6B00225549F86800F027FA0346CC
:1041C000002B01D001239DE0FB681B681A68FB6887
:1041D0001B6842F400721A60FB681B681A69FB686E
:1041E0005B6AD2B21A70FB685B6A5A1CFB685A623F
:1041F000FB681B8D013B9AB2FB681A85FB685B8DDF
:104200009BB2013B9AB2FB685A85FB681B681A692E
:10421000FB685B6AD2B21A70FB685B6A5A1CFB6867
:104220005A62FB681B8D013B9AB2FB681A85FB68DA
:104230005B8D9BB2013B9AB2FB685A854EE07A6A6D
:10424000B96BF86800F08CFB0346002B01D001230A
:1042500058E0FB681B681A69FB685B6AD2B21A7087
:10426000FB685B6A5A1CFB685A62FB681B8D013B4A
:104270009AB2FB681A85FB685B8D9BB2013B9AB2D0
:10428000FB685A85FB681B685B6903F00403042B19
:1042900024D1FB681B8D032B07D1FB681B681A68B0
:1042A000FB681B6822F480621A60FB681B681A694D
:1042B000FB685B6AD2B21A70FB685B6A5A1CFB68C7
:1042C0005A62FB681B8D013B9AB2FB681A85FB683A
:1042D0005B8D9BB2013B9AB2FB685A85FB681B8DD4
:1042E000002B7FF4B6AEFB68202283F83D20FB68EC
:1042F000002283F83E20FB68002283F83C20002344
:1043000000E0022318462837BD4680BD04000100A6
:1043100080B588B002AFF860084611461A460346D9
:104320007B810B463B811346FB80FB681B681A6848
:10433000FB681B6842F480721A607B6A00933B6AD8
:1043400000224FF00111F86800F060F90346002BDD
:104350000DD0FB681B681B6803F48073B3F5807F86
:1043600003D1FB684FF400721A6403235FE07B897A
:10437000DBB21A46FB681B6802F0FE021A617B6A18
:104380003A6A2D49F86800F0BBF90346002B01D0CA
:1043900001234CE000237B61FB681B685B697B6148
:1043A000FB681B689B697B617B697A6A396AF8687C
:1043B00000F046FA0346002B0DD0FB681B6C042B63
:1043C00007D1FB681B681A68FB681B6842F400721F
:1043D0001A6001232BE0FB88012B05D13B89DAB25F
:1043E000FB681B681A6121E03B891B0A9BB2DAB2A9
:1043F000FB681B681A617A6A396AF86800F020FA6B
:104400000346002B0DD0FB681B6C042B07D1FB6807
:104410001B681A68FB681B6842F400721A6001236B
:1044200005E03B89DAB2FB681B681A610023184675
:104430001837BD4680BD00BF0200010080B588B0BE
:1044400002AFF860084611461A4603467B810B46C8
:104450003B811346FB80FB681B681A68FB681B687E
:1044600042F480621A60FB681B681A68FB681B686C
:1044700042F480721A607B6A00933B6A00224FF01C
:104480000111F86800F0C2F80346002B0DD0FB685C
:104490001B681B6803F48073B3F5807F03D1FB684E
:1044A0004FF400721A640323AAE07B89DBB21A4638
:1044B000FB681B6802F0FE021A617B6A3A6A524985
:1044C000F86800F01DF90346002B01D0012397E0A6
:1044D00000237B61FB681B685B697B61FB681B6871
:1044E0009B697B617B697A6A396AF86800F0A8F990
:1044F0000346002B0DD0FB681B6C042B07D1FB6817
:104500001B681A68FB681B6842F400721A6001237A
:1045100076E0FB88012B05D13B89DAB2FB681B688A
:104520001A6121E03B891B0A9BB2DAB2FB681B6867
:104530001A617A6A396AF86800F082F90346002B3A
:104540000DD0FB681B6C042B07D1FB681B681A6835
:10455000FB681B6842F400721A60012350E03B893B
:10456000DAB2FB681B681A617A6A396AF86800F087
:1045700067F90346002B0DD0FB681B6C042B07D199
:10458000FB681B681A68FB681B6842F400721A60BB
:10459000012335E0FB681B681A68FB681B6842F45E
:1045A00080721A607B6A00933B6A00224FF001110F
:1045B000F86800F02BF80346002B0DD0FB681B6851
:1045C0001B6803F48073B3F5807F03D1FB684FF45D
:1045D00000721A64032313E07B89DBB243F001030A
:1045E000DAB2FB681B681A617B6A3A6A0649F868A6
:1045F00000F086F80346002B01D0012300E00023E1
:1046000018461837BD4680BD0200010080B584B051
:1046100000AFF860B9603B601346FB7148E03B684F
:10462000B3F1FF3F44D0FEF735FD0246BB69D31A14
:104630003A689A4202D33B68002B39D1BB681B0C05
:10464000DBB2012B0DD1FB681B685B69DA43BB68E9
:1046500013409BB2002B0CBF01230023DBB21A4690
:104660000CE0FB681B689B69DA43BB6813409BB294
:10467000002B0CBF01230023DBB21A46FB799A42C0
:1046800016D1FB6800221A63FB68202283F83D20C4
:10469000FB68002283F83E20FB681B6C43F020027D
:1046A000FB681A64FB68002283F83C20012323E0A6
:1046B000BB681B0CDBB2012B0DD1FB681B685B696F
:1046C000DA43BB6813409BB2002B0CBF01230023CD
:1046D000DBB21A460CE0FB681B689B69DA43BB68D7
:1046E00013409BB2002B0CBF01230023DBB21A4600
:1046F000FB799A4293D0002318461037BD4680BDFF
:1047000080B584B000AFF860B9607A603B6071E05A
:10471000FB681B685B6903F48063B3F5806F23D18A
:10472000FB681B681A68FB681B6842F400721A6019
:10473000FB681B686FF480625A61FB6800221A6391
:10474000FB68202283F83D20FB68002283F83E208E
:10475000FB681B6C43F00402FB681A64FB680022D0
:1047600083F83C20012367E07B68B3F1FF3F41D031
:10477000FEF790FC02463B68D31A7A689A4202D34D
:104780007B68002B36D1BB681B0CDBB2012B0CD134
:10479000FB681B685B69DA43BB6813409BB2002B64
:1047A00014BF01230023DBB20BE0FB681B689B698D
:1047B000DA43BB6813409BB2002B14BF01230023D4
:1047C000DBB2002B16D0FB6800221A63FB682022A4
:1047D00083F83D20FB68002283F83E20FB681B6CB9
:1047E00043F02002FB681A64FB68002283F83C2037
:1047F000012321E0BB681B0CDBB2012B0CD1FB6851
:104800001B685B69DA43BB6813409BB2002B14BF83
:1048100001230023DBB20BE0FB681B689B69DA43D2
:10482000BB6813409BB2002B14BF01230023DBB2F3
:10483000002B7FF46DAF002318461037BD4680BDB6
:1048400080B584B000AFF860B9607A6034E0F86891
:1048500000F0E3F80346002B01D0012334E0BB68ED
:10486000B3F1FF3F28D0FEF715FC02467B68D31A50
:10487000BA689A4202D3BB68002B1DD1FB681B6843
:104880005B6903F08003802B16D0FB6800221A635B
:10489000FB68202283F83D20FB68002283F83E203D
:1048A000FB681B6C43F02002FB681A64FB68002263
:1048B00083F83C20012307E0FB681B685B6903F079
:1048C0008003802BC3D1002318461037BD4680BD1E
:1048D00080B584B000AFF860B9607A6034E0F86801
:1048E00000F09BF80346002B01D0012334E0BB68A5
:1048F000B3F1FF3F28D0FEF7CDFB02467B68D31A09
:10490000BA689A4202D3BB68002B1DD1FB681B68B2
:104910005B6903F00403042B16D0FB6800221A63C2
:10492000FB68202283F83D20FB68002283F83E20AC
:10493000FB681B6C43F02002FB681A64FB680022D2
:1049400083F83C20012307E0FB681B685B6903F0E8
:104950000403042BC3D1002318461037BD4680BD85
:1049600080B584B000AFF860B9607A6049E0FB6858
:104970001B685B6903F01003102B19D1FB681B68DF
:104980006FF010025A61FB6800221A63FB68202254
:1049900083F83D20FB68002283F83E20FB681A6CF8
:1049A000FB681A64FB68002283F83C20012330E096
:1049B000FEF770FB02467B68D31ABA689A4202D3AC
:1049C000BB68002B1DD1FB681B685B6903F04003CB
:1049D000402B16D0FB6800221A63FB68202283F864
:1049E0003D20FB68002283F83E20FB681B6C43F0EF
:1049F0002002FB681A64FB68002283F83C20012334
:104A000007E0FB681B685B6903F04003402BAED1F5
:104A1000002318461037BD4680BD80B483B000AF78
:104A200078607B681B685B6903F48063B3F5806F13
:104A30001BD17B681B686FF480625A617B6800221F
:104A40001A637B68202283F83D207B68002283F86C
:104A50003E207B681B6C43F004027B681A647B6811
:104A6000002283F83C20012300E0002318460C3785
:104A7000BD465DF8047B704780B586B002AF7860B4
:104A80007B68002B01D1012301E17B681B68BB60BF
:104A90007B6893F89534DBB2002B06D17B6800224B
:104AA00083F89424786807F05BFD7B68032283F821
:104AB0009524BB68B3F1A04F02D17B6800229A71A4
:104AC0007B681B68184604F010F97B6818687B68DF
:104AD0001A7C8DF8002004330ECB03F0EFFF034661
:104AE000002B05D07B68022283F895240123CEE0B9
:104AF0007B681B680021184604F008F90346002B68
:104B000005D07B68022283F895240123BFE00023AF
:104B1000FB734AE0FA7B79681346DB0013449B0081
:104B20000B44153301221A70FA7B79681346DB00B7
:104B300013449B000B441433FA7B1A70FA7BFB7B03
:104B400098B279681346DB0013449B000B442E3364
:104B500002461A80FA7B79681346DB0013449B00F7
:104B60000B44183300221A70FA7B79681346DB0075
:104B700013449B000B441C3300221A60FA7B7968B3
:104B80001346DB0013449B000B44203300221A60C1
:104B9000FA7B79681346DB0013449B000B442433F3
:104BA00000221A60FB7B0133FB737B681B79FA7B65
:104BB0009A42AFD30023FB7344E0FA7B7968134633
:104BC000DB0013449B000B4403F2552300221A70B0
:104BD000FA7B79681346DB0013449B000B4403F512
:104BE0001573FA7B1A70FA7B79681346DB0013445D
:104BF0009B000B4403F5167300221A70FA7B796848
:104C00001346DB0013449B000B4403F5177300228B
:104C10001A60FA7B79681346DB0013449B000B444F
:104C200003F5187300221A60FA7B79681346DB00DB
:104C300013449B000B4403F5197300221A60FB7B9D
:104C40000133FB737B681B79FA7B9A42B5D37B688F
:104C500018687B681A7C8DF8002004330ECB04F0B2
:104C6000A1F80346002B05D07B68022283F8952427
:104C700001230CE07B6800225A747B68012283F8D0
:104C800095247B681B68184605F0EBF8002318464E
:104C90001037BD4680BD80B584B000AF78607B68BA
:104CA0001B68FB607B6893F89434012B01D10223CD
:104CB00022E07B68012283F89424FB68DB6803F020
:104CC0004003002B09D07B685B7B012B05D1FB687F
:104CD0009B6B43F48032FB689A637B681B681846C1
:104CE00003F0F2FF7B681B68184605F099F87B68B3
:104CF000002283F89424002318461037BD4680BD57
:104D000090B58DB000AF78607B681B683B623B6AF2
:104D1000FB617B681B68184605F057F90346002BBA
:104D200040F08C847B681B68184605F0BBF803468E
:104D3000002B00F08284FB6903F500639B681B0A6B
:104D4000C3F30D027B68C3F8D4247B681B68184644
:104D500005F0A8F8034603F00203022B07D17B6895
:104D60001B685A697B681B6802F002025A617B6803
:104D70001B68184605F096F8034603F01003102B45
:104D800061D17B681B689A697B681B6822F01002FE
:104D90009A613B6A1B6ABB61BB6903F00F02134651
:104DA000DB0013449B0003F514737A681344043347
:104DB0007B61BB6903F4F013B3F5802F24D1BA698A
:104DC00047F6F0731340002B35D07B69D968BB6977
:104DD0001B099BB2C3F30A039BB21A46386A04F05C
:104DE000CDFE7B69DA68BB691B09C3F30A031A4469
:104DF0007B69DA607B695A69BB691B09C3F30A03E3
:104E00001A447B695A6116E0BB6903F4F013B3F5E9
:104E1000402F10D17B6803F29C4308221946386A60
:104E200004F0ACFE7B695A69BB691B09C3F30A0332
:104E30001A447B695A617B681B689A697B681B68A6
:104E400042F010029A617B681B68184605F02AF848
:104E5000034603F40023B3F5002F40F0A78000239E
:104E60007B627B681B68184605F02FF8B86299E0F2
:104E7000BB6A03F00103002B00F08E807B681B6887
:104E80007A6AD2B21146184605F053F838613B6988
:104E900003F00103002B0CD07B6A5A01FB69134419
:104EA00003F530631A4601239360796A786800F04D
:104EB000A3FE3B6903F00803002B0CD07B6A5A0168
:104EC000FB69134403F530631A4608239360796A3B
:104ED000786800F079FF3B6903F01003002B08D0DD
:104EE0007B6A5A01FB69134403F530631A461023A9
:104EF00093603B6903F00203002B30D03B6A5B698F
:104F000003F08003802B09D1FB6903F500635B6824
:104F1000FA6902F5006243F4806353607A6A1346CB
:104F2000DB0013449B0003F514737A6813440433C5
:104F30007B617B69DB78012B08D17B690022DA7009
:104F40007B6ADBB21946786807F010FC7B6A5A016D
:104F5000FB69134403F530631A46022393603B69EF
:104F600003F02003002B08D07B6A5A01FB6913442D
:104F700003F530631A46202393603B6903F4005322
:104F8000002B09D07B6A5A01FB69134403F5306397
:104F90001A464FF4005393607B6A01337B62BB6A0D
:104FA0005B08BB62BB6A002B7FF462AF7B681B6847
:104FB000184604F077FF034603F48023B3F5802FEF
:104FC00040F0DB807B681B68184604F098FFB862ED
:104FD00000237B62CDE0BB6A03F00103002B00F0ED
:104FE000C2807B681B687A6AD2B21146184604F008
:104FF000BEFF38613B6903F00103002B57D07B6A89
:1050000003F00F03012202FA03F3FB60FB6903F5CF
:1050100000635A6BFB68DB43F96901F500611340DB
:105020004B637B6A5A01FB69134403F510631A460C
:10503000012393607B689B79012B32D179687A6A6E
:105040001346DB0013449B000B4420331968786837
:105050007A6A1346DB0013449B0003441C331B682D
:10506000194478687A6A1346DB0013449B000344B2
:10507000203319607B6A002B13D179687A6A134652
:10508000DB0013449B000B4424331B68002B08D126
:105090007B6818687B6803F29C431A46012104F080
:1050A000C5FF7B6ADBB21946786807F0DAFA3B691C
:1050B00003F00803002B08D07B6A5A01FB691344F4
:1050C00003F510631A46082393603B6903F010034D
:1050D000002B08D07B6A5A01FB69134403F5106367
:1050E0001A46102393603B6903F04003002B08D05D
:1050F0007B6A5A01FB69134403F510631A46402387
:1051000093603B6903F00203002B23D0796A386A6D
:1051100003F0ACFF7A6A1346DB0013449B001033A4
:105120007A68134404337B617B69DB78012B08D1F7
:105130007B690022DA707B6ADBB21946786807F077
:1051400027FB7B6A5A01FB69134403F510631A4677
:10515000022393603B6903F08003002B03D0796A3C
:10516000786800F0BDFC7B6A01337B62BB6A5B0838
:10517000BB62BB6A002B7FF42EAF7B681B681846AE
:1051800004F090FE034603F00043B3F1004F22D138
:10519000FB6903F500635B68FA6902F5006223F0BE
:1051A000010353607B6893F8CC34012B08D17B68F2
:1051B000002283F8CC240021786800F0A3FE02E0EE
:1051C000786807F0C5FA7B681B685A697B681B68BA
:1051D00002F000425A617B681B68184604F062FEC8
:1051E000034603F40063B3F5006F12D1FB6903F5C6
:1051F00000639B6803F00103012B02D1786807F07C
:1052000081FA7B681B685A697B681B6802F400623C
:105210005A617B681B68184604F044FE034603F499
:105220008053B3F5805F40F0B780FB6903F50063FE
:105230005B68FA6902F5006223F0010353607B6842
:105240001B681021184603F011FF0023FB6246E0A3
:10525000FB6A5A01FB69134403F510631A464FF6C3
:105260007F339360FB6A5A01FB69134403F51063B3
:105270001B68FA6A5101FA690A4402F5106223F4C4
:1052800000131360FB6A5A01FB69134403F5306392
:105290001A464FF67F339360FB6A5A01FB69134449
:1052A00003F530631B68FA6A5101FA690A4402F592
:1052B000306223F400131360FB6A5A01FB69134444
:1052C00003F530631B68FA6A5101FA690A4402F572
:1052D000306243F000631360FB6A0133FB627B685A
:1052E0001B791A46FB6A9342B2D3FB6903F500634C
:1052F000DB69FA6902F5006243F00113D3617B6850
:10530000DB7B002B16D0FB6903F50063D3F88430F8
:10531000FA6902F5006243F00B03C2F88430FB69BE
:1053200003F500635B6CFA6902F5006243F00B035E
:10533000536415E0FB6903F500635B69FA6902F5E4
:10534000006243F4005343F02B035361FB6903F500
:1053500000631B69FA6902F5006243F00B031361F5
:10536000FB6903F500631B68FA6902F5006223F428
:10537000FE6313607B6818687B6899797B6803F229
:105380009C431A4604F052FE7B681B685A697B688E
:105390001B6802F480525A617B681B68184604F04F
:1053A00081FD034603F40053B3F5005F23D17B680E
:1053B0001B68184604F017FE7B681B68184603F04C
:1053C000CEFE03461A467B68DA717B681C6801F0E2
:1053D00009FA01467B68DB791A46204603F0D2FBC6
:1053E000786807F066F97B681B685A697B681B68F8
:1053F00002F400525A617B681B68184604F052FDA3
:10540000034603F00803082B0AD1786807F043F934
:105410007B681B685A697B681B6802F008025A6146
:105420007B681B68184604F03DFD034603F08003CB
:10543000802B23D13B6A9B6923F080023B6A9A61EF
:1054400001237B6214E079687A6A1346DB00134417
:105450009B000B4403F257231B78012B05D17B6A79
:10546000DBB21946786800F00AFB7B6A01337B6285
:105470007B681B791A467B6A9342E4D37B681B687E
:10548000184604F00FFD034603F48013B3F5801FA4
:105490003CD101237B622BE07B6A5A01FB691344F8
:1054A00003F510631B68BB6179687A6A1346DB00F9
:1054B00013449B000B4418331B78012B15D1BB6997
:1054C000002B12DA79687A6A1346DB0013449B00DA
:1054D0000B44173301221A707B6ADBB263F07F033F
:1054E000DBB21946786800F0CAFA7B6A01337B6246
:1054F0007B681B791A467B6A9342CDD37B681B6815
:105500005A697B681B6802F480125A617B681B68C9
:10551000184604F0C7FC034603F40013B3F5001F5C
:1055200056D101237B6245E07B6A5A01FB69134433
:1055300003F530631B68BB6179687A6A1346DB0048
:1055400013449B000B4403F516731B78012B2ED1DB
:10555000BB69002B2BDABB691A0C7B68D3F8D434F7
:10556000534003F00103002B21D179687A6A134676
:10557000DB0013449B000B4403F2572301221A70F3
:105580003B6A9B6943F080023B6A9A613B6A5B69B4
:1055900003F08003002B0AD1FB6903F500635B680D
:1055A000FA6902F5006243F40073536008E07B6A15
:1055B00001337B627B681B791A467B6A9342B3D3C3
:1055C0007B681B685A697B681B6802F400125A6189
:1055D0007B681B68184604F065FC034603F08043B3
:1055E000B3F1804F0AD1786807F0E4F87B681B6854
:1055F0005A697B681B6802F080425A617B681B68AD
:10560000184604F04FFC034603F00403042B15D1A5
:105610007B681B685B68BB61BB6903F00403002BFC
:1056200002D0786807F0D4F87B681B6859687B68FB
:105630001B68BA690A435A6000E000BF3437BD46B0
:1056400090BD80B582B000AF78600B46FB707B6880
:1056500093F89434012B01D1022312E07B680122DC
:1056600083F894247B68FA785A747B681B68FA780C
:105670001146184604F0AEFB7B68002283F89424A0
:10568000002318460837BD4680BD80B584B000AF02
:105690007860084611461A460346FB700B463B806D
:1056A0001346BB700023FB7297F90330002B0FDA0F
:1056B000FB7803F00F021346DB0013449B0010330A
:1056C0007A6813440433FB60FB6801225A700FE0D0
:1056D000FB7803F00F021346DB0013449B0003F535
:1056E00014737A6813440433FB60FB6800225A7019
:1056F000FB7803F00F03DAB2FB681A703B88C3F340
:105700000A02FB689A60FB68BA781A71FB685B78DA
:10571000002B04D0FB681B781A46FB685A83BB78C1
:10572000022B02D1FB6800225A717B6893F89434F3
:10573000012B01D102230EE07B68012283F894241F
:105740007B681B68F968184603F02EFD7B68002211
:1057500083F89424FB7A18461037BD4680BD80B587
:1057600084B000AF78600B46FB7097F90330002BD4
:105770000FDAFB7803F00F021346DB0013449B00A3
:1057800010337A6813440433FB60FB6801225A70BB
:105790000FE0FB7803F00F021346DB0013449B007D
:1057A00003F514737A6813440433FB60FB6800222A
:1057B0005A70FB7803F00F03DAB2FB681A707B684B
:1057C00093F89434012B01D102230EE07B6801226F
:1057D00083F894247B681B68F968184603F06CFD15
:1057E0007B68002283F89424002318461037BD46B6
:1057F00080BD80B586B000AFF8607A603B600B4634
:10580000FB72FB7A03F00F021346DB0013449B008C
:1058100003F51473FA68134404337B617B697A6877
:10582000DA607B693A681A617B6900225A617B6998
:1058300000225A70FB7A03F00F03DAB27B691A7008
:10584000FB689B79012B02D17A687B69DA61FB687E
:105850001868FB689B791A46796903F009FE0023F2
:1058600018461837BD4680BD80B483B000AF78605D
:105870000B46FB70FB7803F00F0279681346DB00E0
:1058800013449B000B4403F51A731B6818460C372E
:10589000BD465DF8047B704780B586B000AFF86008
:1058A0007A603B600B46FB72FB7A03F00F021346F3
:1058B000DB0013449B001033FA68134404337B610C
:1058C0007B697A68DA607B693A681A617B690022D1
:1058D0005A617B6901225A70FB7A03F00F03DAB236
:1058E0007B691A70FB689B79012B02D17A687B690E
:1058F000DA61FB681868FB689B791A46796903F0DE
:10590000B7FD002318461837BD4680BD80B584B06A
:1059100000AF78600B46FB70FB7803F00F037A68EA
:105920001279934201D901234FE097F90330002BFC
:105930000FDAFB7803F00F021346DB0013449B00E1
:1059400010337A6813440433FB60FB6801225A70F9
:105950000DE0FA781346DB0013449B0003F5147343
:105960007A6813440433FB60FB6800225A70FB68BA
:1059700001229A70FB7803F00F03DAB2FB681A7009
:105980007B6893F89434012B01D102231DE07B68DE
:10599000012283F894247B681B68F968184604F098
:1059A00045F9FB7803F00F03002B09D17B681868D9
:1059B0007B6899797B6803F29C431A4604F036FBB6
:1059C0007B68002283F89424002318461037BD46D4
:1059D00080BD80B584B000AF78600B46FB70FB786B
:1059E00003F00F037A681279934201D9012342E050
:1059F00097F90330002B0FDAFB7803F00F02134600
:105A0000DB0013449B0010337A6813440433FB60BB
:105A1000FB6801225A700FE0FB7803F00F02134677
:105A2000DB0013449B0003F514737A6813440433BA
:105A3000FB60FB6800225A70FB6800229A70FB78BA
:105A400003F00F03DAB2FB681A707B6893F89434A2
:105A5000012B01D102230EE07B68012283F89424FC
:105A60007B681B68F968184604F04EF97B680022D1
:105A700083F89424002318461037BD4680BD80B5B6
:105A800084B000AF78600B46FB7097F90330002BB1
:105A90000CDAFB7803F00F021346DB0013449B0083
:105AA00010337A6813440433FB600CE0FB7803F096
:105AB0000F021346DB0013449B0003F514737A684E
:105AC00013440433FB607B681B68F968184603F0D5
:105AD0006DFF0346FB72FB7A18461037BD4680BD4A
:105AE00080B58AB002AF786039607B681B687B61E3
:105AF0007B693B613A681346DB0013449B0010331B
:105B00007A6813440433FB60FB685A69FB681B69BD
:105B10009A4201D901236BE0FB681A69FB685B6953
:105B2000D31AFB61FB689B68FA699A4202D9FB6849
:105B30009B68FB61FB6903339B08BB612AE0FB6840
:105B40001A69FB685B69D31AFB61FB689B68FA6999
:105B50009A4202D9FB689B68FB61FB6903339B088F
:105B6000BB61FB68D9683B68DAB2FB6998B27B68B5
:105B70009B7900930346786903F0C2FFFB68DA68FB
:105B8000FB691A44FB68DA60FB685A69FB691A44CE
:105B9000FB685A613B685A013B69134403F5106383
:105BA0009B699BB2BA699A4209D8FB685A69FB683B
:105BB0001B699A4203D2FB681B69002BBFD1FB68AB
:105BC0001A69FB685B699A4211D83B6803F00F03BE
:105BD000012202FA03F3BB603B6903F500635A6BD1
:105BE000BB68DB43396901F5006113404B63002357
:105BF00018462037BD4680BD80B588B000AF7860BC
:105C000039607B681B68FB61FB69BB61FB693C33E6
:105C100004331B687B613B685A01BB69134403F57D
:105C200030639B683B617B689B79012B7BD13B692F
:105C300003F00803002B15D07B69614A934240F2C0
:105C4000B9803B6903F40043002B00F0B3803B684C
:105C50005A01BB69134403F530631A464FF40043FD
:105C60009360A7E03B6903F02003002B09D03B6859
:105C70005A01BB69134403F530631A46202393602D
:105C800098E03B6903F02803002B40F093807B6988
:105C90004B4A93420FD93B6903F40043002B0AD0CF
:105CA0003B685A01BB69134403F530631A464FF44D
:105CB000004393607EE03A681346DB0013449B0088
:105CC00003F514737A6813440433FB60FB681A6AA3
:105CD0003B685901BB690B4403F530631B69C3F38F
:105CE0001203D21AFB685A613B68002B14D1FB687F
:105CF0001B69002B09D17B6818687B6803F29C4301
:105D00001A46012104F092F906E0FB68DA68FB68A4
:105D10005B691A44FB68DA603B68DBB21946786855
:105D200006F084FC46E07B69264A934224D13B6915
:105D300003F40043002B0AD03B685A01BB691344AB
:105D400003F530631A464FF40043936032E03B6939
:105D500003F02003002B08D03B685A01BB691344B1
:105D600003F530631A46202393603B68DBB2194683
:105D7000786806F05BFC1DE03B68002B14D1796865
:105D80003A681346DB0013449B000B4403F5197378
:105D90001B68002B08D17B6818687B6803F29C4362
:105DA0001A46002104F042F93B68DBB219467868D4
:105DB00006F03CFC002318462037BD4680BD00BFDE
:105DC0000A30544F0A31544F80B586B000AF786026
:105DD00039607B681B687B617B693B617B693C3315
:105DE00004331B68FB603B685A013B69134403F5AD
:105DF00030639B68BB60FB68154A93420ED9BB6851
:105E000003F40043002B09D03B685A013B6913445B
:105E100003F530631A464FF400439360786806F048
:105E2000F3FBFB680A4A93420CD97B689B79012BF0
:105E300008D17B6818687B6803F29C431A460121ED
:105E400004F0F4F8002318461837BD4680BD00BFA3
:105E50000A30544F80B485B000AF78600B46FB70B9
:105E600013463B807B681B685B6ABB60FB78002B3A
:105E700007D13B8819047B681B68BA680A439A6299
:105E800028E07B681B689B6A1B0CBA681344BB60E4
:105E90000023FB730DE07B681A68FB7B40339B009B
:105EA00013445B681B0CBA681344BB60FB7B013373
:105EB000FB73FA7BFB78013B9A42ECD33B881804D6
:105EC0007B681968FB78013BBA68024340339B004A
:105ED0000B445A60002318461437BD465DF8047B16
:105EE000704780B483B000AF78600B467B807B68DE
:105EF0001B687A885A62002318460C37BD465DF845
:105F0000047B704780B483B000AF78600B46FB70B1
:105F100000BF0C37BD465DF8047B704780B586B086
:105F200000AF78607B68002B01D1012367E27B68BA
:105F30001B6803F00103002B75D0884B9B6803F0AE
:105F40000C03042B0CD0854B9B6803F00C03082B2F
:105F500012D1824B5B6803F48003B3F5800F0BD141
:105F60007E4B1B6803F40033002B5BD07B685B68BF
:105F7000002B57D1012342E27B685B68B3F5803F79
:105F800006D1764B1B68754A43F4803313601DE0DD
:105F90007B685B68B3F5A02F0CD1704B1B686F4A10
:105FA00043F4802313606D4B1B686C4A43F48033C9
:105FB00013600BE0694B1B68684A23F4803313605D
:105FC000664B1B68654A23F4802313607B685B681B
:105FD000002B13D0FDF75EF8386108E0FDF75AF8A2
:105FE00002463B69D31A642B01D9032307E25B4BBA
:105FF0001B6803F40033002BF0D014E0FDF74AF8DF
:10600000386108E0FDF746F802463B69D31A642B75
:1060100001D90323F3E1514B1B6803F40033002B38
:10602000F0D100E000BF7B681B6803F00203002B87
:1060300063D04A4B9B6803F00C03002B0BD0474BFB
:106040009B6803F00C03082B1CD1444B5B6803F4E2
:106050008003002B16D1414B1B6803F00203002B79
:1060600005D07B68DB68012B01D00123C7E13B4BE6
:106070001B6823F0F8027B681B69DB003749134378
:106080000B603AE07B68DB68002B20D0344B0122A8
:106090001A60FCF7FFFF386108E0FCF7FBFF0246DF
:1060A0003B69D31A022B01D90323A8E12B4B1B68B0
:1060B00003F00203002BF0D0284B1B6823F0F802FA
:1060C0007B681B69DB00254913430B6015E0244BFB
:1060D00000221A60FCF7DEFF386108E0FCF7DAFF07
:1060E00002463B69D31A022B01D9032387E11B4BDC
:1060F0001B6803F00203002BF0D17B681B6803F0E0
:106100000803002B36D07B685B69002B16D0154B3B
:1061100001221A60FCF7BEFF386108E0FCF7BAFF05
:1061200002463B69D31A022B01D9032367E10B4BCB
:106130005B6F03F00203002BF0D01BE0094B002241
:106140001A60FCF7A7FF38610EE0FCF7A3FF0246D8
:106150003B69D31A022B07D9032350E100380240D0
:1061600000004742800E4742884B5B6F03F00203FA
:10617000002BEAD17B681B6803F00403002B00F0BE
:1061800097800023FB75814B1B6C03F08053002B21
:106190000FD10023BB607D4B1B6C7C4A43F08053C6
:1061A00013647A4B1B6C03F08053BB60BB68012304
:1061B000FB75774B1B6803F48073002B18D1744B6D
:1061C0001B68734A43F480731360FCF763FF386104
:1061D00008E0FCF75FFF02463B69D31A022B01D9A6
:1061E00003230CE16A4B1B6803F48073002BF0D08F
:1061F0007B689B68012B06D1644B1B6F634A43F09D
:10620000010313671CE07B689B68052B0CD15F4B77
:106210001B6F5E4A43F0040313675C4B1B6F5B4AC2
:1062200043F0010313670BE0584B1B6F574A23F0F1
:1062300001031367554B1B6F544A23F00403136784
:106240007B689B68002B15D0FCF724FF38610AE0BF
:10625000FCF720FF02463B69D31A41F28832934291
:1062600001D90323CBE0494B1B6F03F00203002B42
:10627000EED014E0FCF70EFF38610AE0FCF70AFFED
:1062800002463B69D31A41F28832934201D9032373
:10629000B5E03E4B1B6F03F00203002BEED1FB7DFC
:1062A000012B05D1394B1B6C384A23F08053136402
:1062B0007B689B69002B00F0A180344B9B6803F046
:1062C0000C03082B5CD07B689B69022B41D1314BBE
:1062D00000221A60FCF7DEFE386108E0FCF7DAFE07
:1062E00002463B69D31A022B01D9032387E0274BCF
:1062F0001B6803F00073002BF0D17B68DA697B68C0
:106300001B6A1A437B685B6A9B011A437B689B6A22
:106310005B08013B1B041A437B68DB6A1B061B49B5
:1063200013434B601B4B01221A60FCF7B3FE38612C
:1063300008E0FCF7AFFE02463B69D31A022B01D9F5
:1063400003235CE0114B1B6803F00073002BF0D0BB
:1063500054E0104B00221A60FCF79CFE386108E004
:10636000FCF798FE02463B69D31A022B01D903239E
:1063700045E0064B1B6803F00073002BF0D13DE0B5
:106380007B689B69012B07D1012338E0003802406C
:1063900000700040600047421B4B5B68FB607B68FD
:1063A0009B69012B28D0FB6803F480027B68DB69C2
:1063B0009A4221D1FB6803F03F027B681B6A9A4234
:1063C0001AD1FA6847F6C07313407A68526A92018C
:1063D000934211D1FB6803F440327B689B6A5B08EF
:1063E000013B1B049A4207D1FB6803F070627B6893
:1063F000DB6A1B069A4201D0012300E00023184605
:106400001837BD4680BD00BF0038024080B584B05B
:1064100000AF786039607B68002B01D10123CCE0AC
:10642000684B1B6803F007033A689A420CD9654B26
:106430003A68D2B21A70634B1B6803F007033A68DC
:106440009A4201D00123B8E07B681B6803F0020385
:10645000002B20D07B681B6803F00403002B05D0C1
:10646000594B9B68584A43F4E05393607B681B6820
:1064700003F00803002B05D0534B9B68524A43F4AA
:1064800060439360504B9B6823F0F0027B689B68ED
:106490004D4913438B607B681B6803F00103002B9D
:1064A00044D07B685B68012B07D1474B1B6803F422
:1064B0000033002B19D101237FE07B685B68022B3E
:1064C00003D07B685B68032B07D13F4B1B6803F04D
:1064D0000073002B09D101236FE03B4B1B6803F0D5
:1064E0000203002B01D1012367E0374B9B6823F0A7
:1064F00003027B685B68344913438B60FCF7CAFD79
:10650000F8600AE0FCF7C6FD0246FB68D31A41F2C8
:106510008832934201D903234FE02B4B9B6803F051
:106520000C027B685B689B009A42EBD1254B1B6891
:1065300003F007033A689A420CD2224B3A68D2B26F
:106540001A70204B1B6803F007033A689A4201D087
:10655000012332E07B681B6803F00403002B08D0A2
:10656000194B9B6823F4E0527B68DB6816491343A0
:106570008B607B681B6803F00803002B09D0124B6B
:106580009B6823F460427B681B69DB000E49134360
:106590008B6000F021F802460B4B9B681B0903F04F
:1065A0000F030A49CB5C22FA03F3094A1360094B33
:1065B0001B681846FCF72AFD002318461037BD4615
:1065C00080BD00BF003C024000380240E8170108CF
:1065D000B0000020B40000202DE9B04F94B000AF0F
:1065E00000237B640023FB6400233B640023BB6423
:1065F000794B9B6803F00C03082B0DD0082B00F29D
:10660000E180002B02D0042B03D0DBE0734BBB6492
:10661000DBE0734BBB64D8E06F4B5B6803F03F0378
:106620007B646D4B5B6803F48003002B63D06A4B83
:106630005B689B090022BB63FA63BB6BC3F308036F
:106640003B6300237B63D7E90C4522462B464FF082
:1066500000004FF00001590141EAD26150010246A9
:106660000B462146511A3961294663EB01037B61D0
:106670004FF000024FF00003D7E904AB59468B01FD
:10668000514643EA916351468A015146B2EB0108F3
:10669000594663EB01094FF000024FF000034FEA47
:1066A000C90343EA58734FEAC80290469946234605
:1066B00018EB0303BB602B4649EB0303FB604FF071
:1066C00000024FF00003D7E9024529464B0221465C
:1066D00043EAD15321464A02104619467B6C0022F8
:1066E000BB62FA62D7E90A23FAF7DEFA02460B46E2
:1066F0001346FB6458E0384B5B689B090022184640
:106700001146C0F308033B6200237B62D7E9088986
:1067100042464B464FF000004FF00001590141EA5C
:10672000D261500102460B464146B2EB010A49468E
:1067300063EB010B4FF000024FF000034FEA8B13A5
:1067400043EA9A634FEA8A12B2EB0A0463EB0B0541
:106750004FF000024FF00003EB0043EA5473E200F5
:1067600014461D464346E3183B604B4645EB030386
:106770007B604FF000024FF00003D7E90045294647
:106780008B02214643EA915321468A02104619465C
:106790007B6C0022BB61FA61D7E90623FAF784FA21
:1067A00002460B461346FB640B4B5B681B0C03F065
:1067B000030301335B003B64FA6C3B6CB2FBF3F305
:1067C000BB6402E0054BBB6400BFBB6C184650378E
:1067D000BD46BDE8B08F00BF003802400024F40081
:1067E00000127A0080B400AF034B1B681846BD4608
:1067F0005DF8047B704700BFB000002080B500AF9B
:10680000FFF7F0FF0246054B9B689B0A03F0070366
:106810000349CB5C22FA03F3184680BD00380240DE
:10682000F817010880B500AFFFF7DCFF0246054B03
:106830009B685B0B03F007030349CB5C22FA03F36D
:10684000184680BD00380240F817010880B582B0B4
:1068500000AF78607B68002B01D1012341E07B68A9
:1068600093F83D30DBB2002B06D17B68002283F821
:106870003C207868FCF7F0F87B68022283F83D2022
:106880007B681A687B6804331946104600F096FD51
:106890007B68012283F846207B68012283F83E2032
:1068A0007B68012283F83F207B68012283F8402027
:1068B0007B68012283F841207B68012283F8422013
:1068C0007B68012283F843207B68012283F84420FF
:1068D0007B68012283F845207B68012283F83D20F4
:1068E000002318460837BD4680BD000080B485B03F
:1068F00000AF78607B6893F83D30DBB2012B01D0AC
:1069000001234EE07B68022283F83D207B681B68F0
:10691000DA687B681B6842F00102DA607B681B68FA
:10692000234A934222D07B681B68B3F1804F1DD06D
:106930007B681B681F4A934218D07B681B681E4AFD
:10694000934213D07B681B681C4A93420ED07B682D
:106950001B681B4A934209D07B681B68194A934203
:1069600004D07B681B68184A934211D17B681B686E
:106970009B6803F00703FB60FB68062B10D07B6865
:106980001B681A687B681B6842F001021A6007E006
:106990007B681B681A687B681B6842F001021A60FA
:1069A000002318461437BD465DF8047B704700BFCE
:1069B000000001400004004000080040000C0040BE
:1069C00000040140004001400018004080B582B042
:1069D00000AF78607B68002B01D1012341E07B6828
:1069E00093F83D30DBB2002B06D17B68002283F8A0
:1069F0003C20786800F039F87B68022283F83D205B
:106A00007B681A687B6804331946104600F0D6FC90
:106A10007B68012283F846207B68012283F83E20B0
:106A20007B68012283F83F207B68012283F84020A5
:106A30007B68012283F841207B68012283F8422091
:106A40007B68012283F843207B68012283F844207D
:106A50007B68012283F845207B68012283F83D2072
:106A6000002318460837BD4680BD80B483B000AF10
:106A7000786000BF0C37BD465DF8047B70470000AE
:106A800080B584B000AF786039603B68002B09D1D5
:106A90007B6893F83E30DBB2012B14BF0123002347
:106AA000DBB222E03B68042B09D17B6893F83F30CE
:106AB000DBB2012B14BF01230023DBB215E03B68DE
:106AC000082B09D17B6893F84030DBB2012B14BF4F
:106AD00001230023DBB208E07B6893F84130DBB28E
:106AE000012B14BF01230023DBB2002B01D00123B3
:106AF0007CE03B68002B04D17B68022283F83E20B7
:106B000013E03B68042B04D17B68022283F83F200A
:106B10000BE03B68082B04D17B68022283F84020FD
:106B200003E07B68022283F841207B681B68012216
:106B30003968184600F032FF7B681B682D4A934283
:106B400004D07B681B682C4A934201D1012300E0EA
:106B50000023002B07D07B681B685A6C7B681B687E
:106B600042F400425A647B681B68224A934222D056
:106B70007B681B68B3F1804F1DD07B681B681F4A80
:106B8000934218D07B681B681D4A934213D07B68E0
:106B90001B681C4A93420ED07B681B68164A9342BE
:106BA00009D07B681B68184A934204D07B681B6835
:106BB000164A934211D17B681B689B6803F0070358
:106BC000FB60FB68062B10D07B681B681A687B682B
:106BD0001B6842F001021A6007E07B681B681A68B4
:106BE0007B681B6842F001021A60002318461037C8
:106BF000BD4680BD0000014000040140000400408B
:106C000000080040000C0040004001400018004017
:106C100080B586B000AF786039607B68002B01D109
:106C2000012397E07B6893F83D30DBB2002B06D15F
:106C30007B68002283F83C207868FBF785FF7B683F
:106C4000022283F83D207B681B689B687A68126883
:106C500023F4804323F0070393607B681A687B6802
:106C600004331946104600F0A9FB7B681B689B683B
:106C70007B617B681B689B693B617B681B681B6A47
:106C8000FB603B681B687A6913437B613B6923F4B3
:106C9000407323F003033B613B689A683B689B6940
:106CA0001B0213433A6913433B613B6923F440637E
:106CB00023F00C033B613B6923F4704323F0F003A2
:106CC0003B613B68DA683B68DB691B0213433A6946
:106CD00013433B613B681B691A013B681B6A1B033A
:106CE00013433A6913433B61FB6823F02203FB60C3
:106CF000FB6823F08803FB603B685A683B685B696C
:106D00001B011343FA681343FB607B681B687A69B5
:106D10009A607B681B683A699A617B681B68FA68AD
:106D20001A627B68012283F846207B68012283F87F
:106D30003E207B68012283F83F207B68012283F894
:106D400042207B68012283F843207B68012283F87C
:106D50003D20002318461837BD4680BD80B584B05D
:106D600000AF786039607B6893F83E30FB737B68D6
:106D700093F83F30BB737B6893F842307B737B683A
:106D800093F843303B733B68002B10D1FB7B012B06
:106D900002D17B7B012B01D0012369E07B680222B9
:106DA00083F83E207B68022283F8422031E03B6872
:106DB000042B10D1BB7B012B02D13B7B012B01D0DB
:106DC000012355E07B68022283F83F207B68022282
:106DD00083F843201DE0FB7B012B08D1BB7B012BFB
:106DE00005D17B7B012B02D13B7B012B01D0012301
:106DF0003EE07B68022283F83E207B68022283F813
:106E00003F207B68022283F842207B68022283F8BD
:106E100043203B68002B03D03B68042B08D00FE0D5
:106E20007B681B6801220021184600F0B7FD16E0C0
:106E30007B681B6801220421184600F0AFFD0EE0BC
:106E40007B681B6801220021184600F0A7FD7B68C3
:106E50001B6801220421184600F0A0FD00BF7B68DA
:106E60001B681A687B681B6842F001021A600023E5
:106E700018461037BD4680BD80B584B000AF78603D
:106E80007B681B68DB68FB607B681B681B69BB60F9
:106E9000BB6803F00203002B20D0FB6803F0020361
:106EA000002B1BD07B681B686FF002021A617B68A5
:106EB00001221A777B681B689B6903F00303002B90
:106EC00003D0786800F05BFA05E0786800F04DFACE
:106ED000786800F05EFA7B6800221A77BB6803F0DE
:106EE0000403002B20D0FB6803F00403002B1BD00D
:106EF0007B681B686FF004021A617B6802221A77B4
:106F00007B681B689B6903F44073002B03D078688F
:106F100000F035FA05E0786800F027FA786800F0AC
:106F200038FA7B6800221A77BB6803F00803002B4D
:106F300020D0FB6803F00803002B1BD07B681B6884
:106F40006FF008021A617B6804221A777B681B685D
:106F5000DB6903F00303002B03D0786800F00FFA1D
:106F600005E0786800F001FA786800F012FA7B68B2
:106F700000221A77BB6803F01003002B20D0FB68B7
:106F800003F01003002B1BD07B681B686FF010020E
:106F90001A617B6808221A777B681B68DB6903F437
:106FA0004073002B03D0786800F0E9F905E07868B9
:106FB00000F0DBF9786800F0ECF97B6800221A77C2
:106FC000BB6803F00103002B0CD0FB6803F0010346
:106FD000002B07D07B681B686FF001021A6178688C
:106FE000FAF76AF8BB6803F08003002B0CD0FB684B
:106FF00003F08003002B07D07B681B686FF08002D2
:107000001A61786800F0C8FDBB6803F04003002BEC
:107010000CD0FB6803F04003002B07D07B681B6893
:107020006FF040021A61786800F0BDF9BB6803F0A8
:107030002003002B0CD0FB6803F02003002B07D0AB
:107040007B681B686FF020021A61786800F09AFD77
:1070500000BF1037BD4680BD80B586B000AFF86078
:10706000B9607A600023FB75FB6893F83C30012B14
:1070700001D10223AEE0FB68012283F83C207B684B
:107080000C2B00F29F8001A252F823F0C17000087F
:10709000C5710008C5710008C571000801710008BC
:1070A000C5710008C5710008C5710008437100086A
:1070B000C5710008C5710008C5710008837100081A
:1070C000FB681B68B968184600F01EFAFB681B686D
:1070D0009A69FB681B6842F008029A61FB681B68AA
:1070E0009A69FB681B6822F004029A61FB681B68BE
:1070F0009969BB681A69FB681B680A439A6164E076
:10710000FB681B68B968184600F06EFAFB681B68DC
:107110009A69FB681B6842F400629A61FB681B680D
:107120009A69FB681B6822F480629A61FB681B689D
:107130009969BB681B691A02FB681B680A439A615C
:1071400043E0FB681B68B968184600F0C3FAFB68A7
:107150001B68DA69FB681B6842F00802DA61FB68A9
:107160001B68DA69FB681B6822F00402DA61FB68BD
:107170001B68D969BB681A69FB681B680A43DA6136
:1071800023E0FB681B68B968184600F017FBFB6832
:107190001B68DA69FB681B6842F40062DA61FB680D
:1071A0001B68DA69FB681B6822F48062DA61FB689D
:1071B0001B68D969BB681B691A02FB681B680A4314
:1071C000DA6102E00123FB7500BFFB68002283F84F
:1071D0003C20FB7D18461837BD4680BD80B584B085
:1071E00000AF786039600023FB737B6893F83C3014
:1071F000012B01D10223B4E07B68012283F83C20FB
:107200007B68022283F83D207B681B689B68BB601B
:10721000BB6823F07703BB60BB6823F47F43BB608C
:107220007B681B68BA689A603B681B68B3F5005FAF
:107230003ED0B3F5005F00F28780B3F5805F00F0C9
:107240008680B3F5805F7FD8702B1AD0702B7BD8E7
:10725000602B50D0602B77D8502B3CD0502B73D85C
:10726000402B58D0402B6FD8302B64D0302B6BD8AC
:10727000202B60D0202B67D8002B5CD0102B5AD04D
:1072800062E07B6818683B6899683B685A683B68AD
:10729000DB6800F063FB7B681B689B68BB60BB68B6
:1072A00043F07703BB607B681B68BA689A604FE065
:1072B0007B6818683B6899683B685A683B68DB687C
:1072C00000F04CFB7B681B689A687B681B6842F483
:1072D00080429A603CE07B6818683B6859683B686C
:1072E000DB681A4600F0C0FA7B681B68502118461C
:1072F00000F019FB2CE07B6818683B6859683B6814
:10730000DB681A4600F0DFFA7B681B6860211846CC
:1073100000F009FB1CE07B6818683B6859683B6813
:10732000DB681A4600F0A0FA7B681B68402118460B
:1073300000F0F9FA0CE07B681A683B681B68194694
:10734000104600F0F0FA03E00123FB7300E000BFF9
:107350007B68012283F83D207B68002283F83C2073
:10736000FB7B18461037BD4680BD80B483B000AFAC
:10737000786000BF0C37BD465DF8047B704780B471
:1073800083B000AF786000BF0C37BD465DF8047B6A
:10739000704780B483B000AF786000BF0C37BD4643
:1073A0005DF8047B704780B483B000AF786000BFA5
:1073B0000C37BD465DF8047B7047000080B485B093
:1073C00000AF786039607B681B68FB607B68434A6C
:1073D000934213D07B68B3F1804F0FD07B68404A53
:1073E00093420BD07B683F4A934207D07B683E4A6A
:1073F000934203D07B683D4A934208D1FB6823F057
:107400007003FB603B685B68FA681343FB607B6852
:10741000324A93422BD07B68B3F1804F27D07B68F0
:107420002F4A934223D07B682E4A93421FD07B6819
:107430002D4A93421BD07B682C4A934217D07B681D
:107440002B4A934213D07B682A4A93420FD07B6821
:10745000294A93420BD07B68284A934207D07B6825
:10746000274A934203D07B68264A934208D1FB689F
:1074700023F44073FB603B68DB68FA681343FB60EE
:10748000FB6823F080023B685B691343FB603B6849
:107490009A687B68DA623B681A687B689A627B68E4
:1074A0000E4A934203D07B68104A934203D13B6853
:1074B0001A697B681A637B681B6843F004027B6867
:1074C0001A607B6801225A617B68FA681A6000BF03
:1074D0001437BD465DF8047B704700BF00000140D3
:1074E0000004004000080040000C0040000401407F
:1074F00000400140004401400048014000180040A5
:10750000001C00400020004080B487B000AF7860CD
:1075100039607B681B6A7B617B681B6A23F0010210
:107520007B681A627B685B683B617B689B69FB6078
:10753000FB6823F07003FB60FB6823F00303FB6030
:107540003B681B68FA681343FB607B6923F0020306
:107550007B613B689B687A6913437B617B68204A47
:10756000934203D07B681F4A93420CD17B6923F07E
:1075700008037B613B68DB687A6913437B617B6945
:1075800023F004037B617B68154A934203D07B6838
:10759000144A934211D13B6923F480733B613B69E8
:1075A00023F400733B613B685B693A6913433B61B9
:1075B0003B689B693A6913433B617B683A695A604F
:1075C0007B68FA689A613B685A687B685A637B6893
:1075D0007A691A6200BF1C37BD465DF8047B7047AC
:1075E000000001400004014080B487B000AF786023
:1075F00039607B681B6A7B617B681B6A23F0100221
:107600007B681A627B685B683B617B689B69FB6097
:10761000FB6823F4E043FB60FB6823F44073FB60EA
:107620003B681B681B02FA681343FB607B6923F00D
:1076300020037B613B689B681B017A6913437B6174
:107640007B68224A934203D07B68214A93420DD142
:107650007B6923F080037B613B68DB681B017A69EF
:1076600013437B617B6923F040037B617B68174A8E
:10767000934203D07B68164A934213D13B6923F4AB
:1076800080633B613B6923F400633B613B685B695A
:107690009B003A6913433B613B689B699B003A69D5
:1076A00013433B617B683A695A607B68FA689A6168
:1076B0003B685A687B689A637B687A691A6200BF84
:1076C0001C37BD465DF8047B704700BF00000140D9
:1076D0000004014080B487B000AF786039607B68F7
:1076E0001B6A7B617B681B6A23F480727B681A6269
:1076F0007B685B683B617B68DB69FB60FB6823F050
:107700007003FB60FB6823F00303FB603B681B68AE
:10771000FA681343FB607B6923F400737B613B6869
:107720009B681B027A6913437B617B68214A934201
:1077300003D07B68204A93420DD17B6923F4006318
:107740007B613B68DB681B027A6913437B617B6961
:1077500023F480637B617B68164A934203D07B6885
:10776000154A934213D13B6923F480533B613B6933
:1077700023F400533B613B685B691B013A69134387
:107780003B613B689B691B013A6913433B617B6822
:107790003A695A607B68FA68DA613B685A687B68C4
:1077A000DA637B687A691A6200BF1C37BD465DF8F0
:1077B000047B7047000001400004014080B487B0A2
:1077C00000AF786039607B681B6A3B617B681B6A2D
:1077D00023F480527B681A627B685B687B617B68FC
:1077E000DB69FB60FB6823F4E043FB60FB6823F488
:1077F0004073FB603B681B681B02FA681343FB6025
:107800003B6923F400533B613B689B681B033A6967
:1078100013433B617B68124A934203D07B68114A51
:10782000934209D17B6923F480437B613B685B69A8
:107830009B017A6913437B617B687A695A607B6834
:10784000FA68DA613B685A687B681A647B683A694F
:107850001A6200BF1C37BD465DF8047B704700BF4D
:10786000000001400004014080B487B000AFF86020
:10787000B9607A60FB681B6A7B61FB681B6A23F056
:107880000102FB681A62FB689B693B613B6923F05C
:10789000F0033B617B681B013A6913433B617B69E1
:1078A00023F00A037B617A69BB6813437B61FB6841
:1078B0003A699A61FB687A691A6200BF1C37BD4653
:1078C0005DF8047B704780B487B000AFF860B960A2
:1078D0007A60FB681B6A7B61FB681B6A23F01002FD
:1078E000FB681A62FB689B693B613B6923F4704348
:1078F0003B617B681B033A6913433B617B6923F05F
:10790000A0037B61BB681B017A6913437B61FB6841
:107910003A699A61FB687A691A6200BF1C37BD46F2
:107920005DF8047B704780B485B000AF7860396043
:107930007B689B68FB60FB6823F07003FB603A6820
:10794000FB68134343F00703FB607B68FA689A60A7
:1079500000BF1437BD465DF8047B704780B487B024
:1079600000AFF860B9607A603B60FB689B687B6140
:107970007B6923F47F437B613B681A027B681A436F
:10798000BB6813437A6913437B61FB687A699A6029
:1079900000BF1C37BD465DF8047B704780B487B0DC
:1079A00000AFF860B9607A60BB6803F01F03012282
:1079B00002FA03F37B61FB681A6A7B69DB431A40B6
:1079C000FB681A62FB681A6ABB6803F01F037968D8
:1079D00001FA03F31A43FB681A6200BF1C37BD4665
:1079E0005DF8047B7047000080B485B000AF78601C
:1079F00039607B6893F83C30012B01D102235AE0B7
:107A00007B68012283F83C207B68022283F83D20BA
:107A10007B681B685B68FB607B681B689B68BB605E
:107A2000FB6823F07003FB603B681B68FA68134334
:107A3000FB607B681B68FA685A607B681B68214A98
:107A4000934222D07B681B68B3F1804F1DD07B68C6
:107A50001B681D4A934218D07B681B681B4A9342DF
:107A600013D07B681B681A4A93420ED07B681B6850
:107A7000184A934209D07B681B68174A934204D086
:107A80007B681B68154A93420CD1BB6823F08003C6
:107A9000BB603B685B68BA681343BB607B681B686C
:107AA000BA689A607B68012283F83D207B680022D7
:107AB00083F83C20002318461437BD465DF8047B4C
:107AC000704700BF00000140000400400008004073
:107AD000000C00400004014000400140001800403C
:107AE00080B485B000AF786039600023FB607B68AC
:107AF00093F83C30012B01D102233DE07B68012249
:107B000083F83C20FB6823F0FF023B68DB681343EB
:107B1000FB60FB6823F440723B689B681343FB6087
:107B2000FB6823F480623B685B681343FB60FB687F
:107B300023F400623B681B681343FB60FB6823F47B
:107B400080523B681B691343FB60FB6823F40052BF
:107B50003B685B691343FB60FB6823F480423B682E
:107B6000DB691343FB607B681B68FA685A647B68B7
:107B7000002283F83C20002318461437BD465DF8E8
:107B8000047B704780B483B000AF786000BF0C37CF
:107B9000BD465DF8047B704780B483B000AF786069
:107BA00000BF0C37BD465DF8047B704780B582B0DE
:107BB00000AF78607B68002B01D1012342E07B6835
:107BC00093F84130DBB2002B06D17B68002283F8AA
:107BD00040207868FBF760F87B68242283F8412016
:107BE0007B681B68DA687B681B6822F40052DA60E5
:107BF000786800F0EFFC7B681B681A697B681B687B
:107C000022F490421A617B681B685A697B681B6882
:107C100022F02A025A617B681B68DA687B681B685D
:107C200042F40052DA607B6800225A647B682022AA
:107C300083F841207B68202283F842207B68002261
:107C40005A63002318460837BD4680BD80B584B00E
:107C500000AFF860B9601346FB80FB6893F84230D0
:107C6000DBB2202B12D1BB68002B02D0FB88002B8B
:107C700001D101230BE0FB6800221A63FB881A463E
:107C8000B968F86800F0D2FA034600E0022318460B
:107C90001037BD4680BD000080B5BAB000AF786037
:107CA0007B681B681B68C7F8E4307B681B68DB686F
:107CB000C7F8E0307B681B685B69C7F8DC300023DD
:107CC000C7F8D8300023C7F8D430D7F8E43003F031
:107CD0000F03C7F8D830D7F8D830002B0FD1D7F81A
:107CE000E43003F02003002B09D0D7F8E03003F094
:107CF0002003002B03D0786800F0AEFB73E2D7F8C6
:107D0000D830002B00F0DE80D7F8DC3003F0010320
:107D1000002B06D1D7F8E03003F49073002B00F06D
:107D2000D180D7F8E43003F00103002B0BD0D7F853
:107D3000E03003F48073002B05D07B685B6C43F06C
:107D400001027B685A64D7F8E43003F00403002B87
:107D50000BD0D7F8DC3003F00103002B05D07B6893
:107D60005B6C43F002027B685A64D7F8E43003F09E
:107D70000203002B0BD0D7F8DC3003F00103002BFB
:107D800005D07B685B6C43F004027B685A64D7F8CB
:107D9000E43003F00803002B11D0D7F8E03003F0F3
:107DA0002003002B05D1D7F8DC3003F00103002BB2
:107DB00005D07B685B6C43F008027B685A647B6883
:107DC0005B6C002B00F00A82D7F8E43003F020034C
:107DD000002B08D0D7F8E03003F02003002B02D0AE
:107DE000786800F039FB7B681B685B6903F040032F
:107DF000402B0CBF01230023DBB2C7F8D4307B68D3
:107E00005B6C03F00803002B03D1D7F8D430002BB0
:107E10004FD0786800F044FA7B681B685B6903F018
:107E20004003402B41D17B681B681433C7F89C305A
:107E3000D7F89C3053E8003FC7F89830D7F898300F
:107E400023F04003C7F8D0307B681B681433D7F8A1
:107E5000D020C7F8A820C7F8A430D7F8A410D7F8C6
:107E6000A82041E80023C7F8A030D7F8A030002BA5
:107E7000D9D17B68DB6B002B13D07B68DB6B8A4A24
:107E80001A657B68DB6B1846FBF7B5FA0346002BD7
:107E900016D07B68DB6B1B6D7A68D26B10469847F7
:107EA0000EE0786800F0ACF90AE0786800F0A8F914
:107EB00006E0786800F0A4F97B6800225A648DE13E
:107EC00000BF8BE17B681B6B012B40F06781D7F80B
:107ED000E43003F01003002B00F06081D7F8E030AD
:107EE00003F01003002B00F059810023BB607B6876
:107EF0001B681B68BB607B681B685B68BB60BB68FA
:107F00007B681B685B6903F04003402B40F0CE8028
:107F10007B68DB6B1B685B68A7F8BE30B7F8BE30C8
:107F2000002B00F0A9807B689B8DB7F8BE209A4299
:107F300080F0A2807B68B7F8BE20DA857B68DB6BB7
:107F4000DB69B3F5807F00F088807B681B680C33A9
:107F5000C7F88830D7F8883053E8003FC7F8843036
:107F6000D7F8843023F48073C7F8B8307B681B6877
:107F70000C33D7F8B820C7F89420C7F89030D7F85A
:107F80009010D7F8942041E80023C7F88C30D7F838
:107F90008C30002BD9D17B681B6814337B677B6FD7
:107FA00053E8003F3B673B6F23F00103C7F8B43051
:107FB0007B681B681433D7F8B420C7F88020FB67B0
:107FC000F96FD7F8802041E80023BB67BB6F002B17
:107FD000E1D17B681B6814333B663B6E53E8003F7E
:107FE000FB65FB6D23F04003C7F8B0307B681B686E
:107FF0001433D7F8B020FA66BB66B96EFA6E41E862
:1080000000237B667B6E002BE3D17B68202283F804
:1080100042207B6800221A637B681B680C33FB6478
:10802000FB6C53E8003FBB64BB6C23F01003C7F844
:10803000AC307B681B680C33D7F8AC20BA657B6525
:10804000796DBA6D41E800233B653B6D002BE3D1B0
:108050007B68DB6B1846FBF75EF97B6802225A638C
:108060007B689A8D7B68DB8D9BB2D31A9BB21946D5
:10807000786800F0CFF8B3E07B689B8DB7F8BE203E
:108080009A4240F0AD807B68DB6BDB69B3F5807FA3
:1080900040F0A6807B6802225A637B689B8D19465C
:1080A000786800F0B7F89BE0678300087B689A8DDA
:1080B0007B68DB8D9BB2D31AA7F8CE307B68DB8D53
:1080C0009BB2002B00F08E80B7F8CE30002B00F072
:1080D00089807B681B680C33BB63BB6B53E8003F34
:1080E0007B637B6B23F49073C7F8C8307B681B6895
:1080F0000C33D7F8C8207A643B64396C7A6C41E859
:108100000023FB63FB6B002BE3D17B681B681433FC
:108110007B627B6A53E8003F3B623B6A23F00103CA
:10812000C7F8C4307B681B681433D7F8C4203A639F
:10813000FB62F96A3A6B41E80023BB62BB6A002B21
:10814000E3D17B68202283F842207B6800221A63F7
:108150007B681B680C333B613B6953E8003FFB6065
:10816000FB6823F01003C7F8C0307B681B680C3332
:10817000D7F8C020FA61BB61B969FA6941E8002308
:108180007B617B69002BE3D17B6802225A63B7F8DD
:10819000CE301946786800F03DF823E0D7F8E43097
:1081A00003F08003002B09D0D7F8E03003F0800300
:1081B000002B03D0786800F0E7F814E0D7F8E4303B
:1081C00003F04003002B0ED0D7F8E03003F040035B
:1081D000002B08D0786800F027F904E000BF02E027
:1081E00000BF00E000BFE837BD4680BD80B483B06B
:1081F00000AF786000BF0C37BD465DF8047B704768
:1082000080B483B000AF786000BF0C37BD465DF826
:10821000047B704780B483B000AF78600B467B80EE
:1082200000BF0C37BD465DF8047B704780B485B055
:1082300000AFF860B9601346FB80FB68BA689A62C9
:10824000FB68FA889A85FB68FA88DA85FB68002261
:108250005A64FB68222283F84220FB681B69002BCA
:1082600007D0FB681B68DA68FB681B6842F4807201
:10827000DA60FB681B685A69FB681B6842F0010200
:108280005A61FB681B68DA68FB681B6842F02002D1
:10829000DA60002318461437BD465DF8047B70474A
:1082A00080B495B000AF78607B681B680C337B634B
:1082B0007B6B53E8003F3B633B6B23F49073FB64A1
:1082C0007B681B680C33FA6C3A64FB63F96B3A6C9D
:1082D00041E80023BB63BB6B002BE5D17B681B68C7
:1082E00014333B623B6A53E8003FFB61FB6923F0B8
:1082F0000103BB647B681B681433BA6CFA62BB620F
:10830000B96AFA6A41E800237B627B6A002BE5D1F7
:108310007B681B6B012B19D17B681B680C33FB60DE
:10832000FB6853E8003FBB60BB6823F010037B642D
:108330007B681B680C337A6CBA617B617969BA69B6
:1083400041E800233B613B69002BE5D17B6820229B
:1083500083F842207B6800221A6300BF5437BD4671
:108360005DF8047B704780B584B000AF78607B68AF
:108370009B6BFB60FB680022DA85F868FFF740FF23
:1083800000BF1037BD4680BD80B485B000AF7860B7
:108390007B6893F84130DBB2212B3ED17B689B6830
:1083A000B3F5805F14D17B681B69002B10D17B680B
:1083B0001B6AFB60FB681B881A467B681B68C2F35C
:1083C00008025A607B681B6A9A1C7B681A6208E084
:1083D0007B681B6A591C7A6811621A787B681B6873
:1083E0005A607B68DB8C9BB2013B9BB27A68194672
:1083F000D184002B0FD17B681B68DA687B681B680F
:1084000022F08002DA607B681B68DA687B681B6890
:1084100042F04002DA60002300E0022318461437DD
:10842000BD465DF8047B704780B582B000AF7860D0
:108430007B681B68DA687B681B6822F04002DA60A0
:108440007B68202283F841207868FFF7CFFE002365
:1084500018460837BD4680BD80B58CB000AF786047
:108460000023FB620023BB627B6893F84230DBB2DF
:10847000222B40F0AA807B689B68B3F5805F15D102
:108480007B681B69002B11D17B689B6ABB627B6890
:108490001B685B689BB2C3F308039AB2BB6A1A807D
:1084A0007B689B6A9A1C7B689A6224E07B689B6A63
:1084B000FB627B689B68B3F5805F07D07B689B6835
:1084C000002B0AD17B681B69002B06D17B681B68D7
:1084D0005B68DAB2FB6A1A7008E07B681B685B684D
:1084E000DBB203F07F03DAB2FB6A1A707B689B6A27
:1084F0005A1C7B689A627B68DB8D9BB2013B9BB206
:108500007A681946D185002B5DD17B681B68DA68D3
:108510007B681B6822F02002DA607B681B68DA68DF
:108520007B681B6822F48072DA607B681B685A697A
:108530007B681B6822F001025A617B68202283F865
:1085400042207B6800225A637B681B6B012B35D16C
:108550007B6800221A637B681B680C337B617B6934
:1085600053E8003F3B613B6923F010037B627B686B
:108570001B680C337A6A3A62FB61F9693A6A41E82E
:108580000023BB61BB69002BE5D17B681B681B68BE
:1085900003F01003102B0AD10023FB607B681B68DB
:1085A0001B68FB607B681B685B68FB60FB687B6823
:1085B0009B8D19467868FFF72DFE02E07868F8F782
:1085C0009DFD002302E0002300E00223184630371F
:1085D000BD4680BD2DE9B04FC0B000AFC7F8F40074
:1085E000D7F8F4301B681B6923F44050D7F8F430F7
:1085F000D968D7F8F4301A6840EA01031361D7F854
:10860000F4309A68D7F8F4301B691A43D7F8F4307D
:108610005B691A43D7F8F430DB691343C7F8F830C5
:10862000D7F8F4301B68DB6823F4164121F00C0105
:10863000D7F8F4301A68D7F8F8300B43D360D7F87E
:10864000F4301B685B6923F44070D7F8F430996903
:10865000D7F8F4301A6840EA01035361D7F8F430D0
:108660001A688F4B9A4205D0D7F8F4301A688D4BB0
:108670009A4204D1FEF7D6F8C7F8FC0003E0FEF7F3
:10868000BDF8C7F8FC00D7F8F430DB69B3F5004F4C
:1086900040F00C81D7F8FC300022C7F8E830C7F86A
:1086A000EC20D7E93A4522462B469118B9655B4143
:1086B000FB65D7E91623214612EB0108294643EB57
:1086C00001094FF000024FF000034FEAC90343EAEB
:1086D00058734FEAC80290469946234618EB0303A5
:1086E000C7F8E0302B4649EB0303C7F8E430D7F86E
:1086F000F4305B680022C7F8D830C7F8DC20D7E92F
:1087000036120B46DB183B65134642EB03037B65D1
:10871000D7E91423D7E93801F8F7C6FA02460B4621
:10872000614BA3FB02235B091C01D7F8FC3000223C
:10873000C7F8D030C7F8D420D7E9348942464B4631
:108740009118B9645B41FB64D7E91223414612EBEF
:10875000010A494643EB010B4FF000024FF00003C2
:108760004FEACB0343EA5A734FEACA0292469B464A
:1087700043461AEB0303C7F8C8304B464BEB0303E1
:10878000C7F8CC30D7F8F4305B680022C7F8C030A7
:10879000C7F8C420D7E930120B46DB183B641346F8
:1087A00042EB03037B64D7E91023D7E93201F8F7E2
:1087B0007BFA02460B4611463B4BA3FB01235B09A8
:1087C000642202FB03F3CB1ADB0003F13202364BC7
:1087D000A3FB02235B095B0003F4F8731C44D7F886
:1087E000FC300022C7F8B830C7F8BC20D7E92E8982
:1087F00042464B469118B9635B41FB63D7E90E23B0
:1088000041465118396349464B417B634FF00002A2
:108810004FF00003D7E90CAB5946CB00514643EA71
:1088200051735146CA0010461946034642469B18EA
:10883000C7F8B0304B460A4642EB0303C7F8B430E2
:10884000D7F8F4305B680022C7F8A830C7F8AC202E
:10885000D7E92A120B46DB18BB62134642EB03032F
:10886000FB62D7E90A23D7E92C01F8F71DFA024683
:108870000B460D4BA3FB02135B09642101FB03F3C1
:10888000D31ADB003233084AA2FB03235B0903F04F
:108890000702D7F8F4301B6822449A6006E100BF53
:1088A00000100140001401401F85EB51D7F8FC3047
:1088B0000022C7F8A030C7F8A420D7E9288942468B
:1088C0004B46911839625B417B62D7E908234146E8
:1088D0005418494643EB01054FF000024FF00003E6
:1088E000EB0043EA5473E20014461D464346E31886
:1088F000C7F898304B4645EB0303C7F89C30D7F8D0
:10890000F4305B680022C7F89030C7F894204FF02D
:1089100000024FF00003D7E9244529468B00214689
:1089200043EA917321468A00D7E92601F8F7BCF99A
:1089300002460B46604BA3FB02235B091C01D7F8E0
:10894000FC300022C7F88830C7F88C20D7E922898C
:1089500042464B469118B9615B41FB61D7E906235A
:1089600041465118396149464B417B614FF0000245
:108970004FF00003D7E904AB5946CB00514643EA18
:1089800051735146CA0010461946034642469B1889
:10899000C7F880304B460A4642EB0303C7F88430E1
:1089A000D7F8F4305B680022BB67FA674FF000022B
:1089B0004FF00003D7E91E8949468B00414643EA40
:1089C000917341468A00D7E92001F8F76DF9024614
:1089D0000B461146384BA3FB01235B09642202FBC3
:1089E00003F3CB1A1B013233334AA2FB03235B0987
:1089F00003F0F0031C44D7F8FC3000223B677A6791
:108A0000D7E91C8942464B469118B9605B41FB602F
:108A1000D7E9022341465118396049464B417B60F2
:108A20004FF000024FF00003D7E900AB5946CB00EE
:108A3000514643EA51735146CA001046194603464F
:108A400042469B18BB664B460A4642EB0303FB6655
:108A5000D7F8F4305B6800223B667A664FF000027C
:108A60004FF00003D7E9188949468B00414643EA95
:108A7000917341468A00D7E91A01F8F715F90246C1
:108A80000B460D4BA3FB02135B09642101FB03F3AF
:108A9000D31A1B013233084AA2FB03235B0903F0FC
:108AA0000F02D7F8F4301B6822449A6000BF07F524
:108AB0008077BD46BDE8B08F1F85EB5184B080B58F
:108AC00084B000AF786007F11C0080E80E0097F8D2
:108AD0002130012B23D17B689B6B23F480327B6890
:108AE0009A637B68DB6823F4840323F040037A688D
:108AF000D3607B68DB6823F440127B68DA6097F808
:108B00002830012B05D17B68DB6843F480127B6839
:108B1000DA60786801F0E8FA0346FB731BE07B68D3
:108B2000DB6843F040027B68DA60786801F0DCFAC9
:108B30000346FB7397F82530002B06D17B689B6BAF
:108B400043F480327B689A6305E07B689B6B23F477
:108B500080327B689A63BB7F012B0BD17B689B685B
:108B600043F006027B689A607B689B6843F02002B2
:108B70007B689A60FB7B18461037BD46BDE8804095
:108B800004B0704780B487B000AFF860B960134696
:108B9000FB71FB79022B65D1BB68414A934206D930
:108BA000BB68404A934202D20F237B6162E0BB68FC
:108BB0003C4A934206D3BB683B4A934202D20E23FF
:108BC0007B6157E0BB68384A934206D3BB68374A9B
:108BD000934202D20D237B614CE0BB68334A93423F
:108BE00006D3BB68324A934202D80C237B6141E032
:108BF000BB682F4A934206D9BB682E4A934202D8DB
:108C00000B237B6136E0BB682A4A934206D9BB68D6
:108C1000294A934202D80A237B612BE0BB68264A8B
:108C2000934206D9BB68254A934202D209237B614D
:108C300020E0BB68214A934206D3BB68204A934296
:108C400002D808237B6115E0BB681D4A934206D910
:108C5000BB681C4A934202D207237B610AE00623C9
:108C60007B6107E0FB79002B02D109237B6101E0E6
:108C700009237B61FB68DB6823F47052FB68DA60D0
:108C8000FB68DA687B699B0203F470531A43FB6844
:108C9000DA60002318461C37BD465DF8047B704738
:108CA000BFACD800C0E1E4000024F40080730601EA
:108CB0009F491A01FF2C31013FA44C0100366E017F
:108CC0001FABA6010048E80180B483B000AF786014
:108CD0007B689B6843F001027B689A60002318461A
:108CE0000C37BD465DF8047B704780B483B000AF9D
:108CF00078607B689B6823F001027B689A600023A0
:108D000018460C37BD465DF8047B704780B584B0CB
:108D100000AF78600B46FB700023FB607B68DB686C
:108D200023F0C0427B68DA60FB78012B15D17B68A9
:108D3000DB6843F000527B68DA600A20FAF7B6F984
:108D4000FB680A33FB60786801F03FF90346012BAA
:108D50001ED0FB68C72BF0D91AE0FB78002B15D189
:108D60007B68DB6843F080427B68DA600A20FAF7B0
:108D70009DF9FB680A33FB60786801F026F9034629
:108D8000002B05D0FB68C72BF0D901E0012305E0DB
:108D9000FB68C82B01D1012300E0002318461037DF
:108DA000BD4680BD84B080B586B000AF786007F165
:108DB000240080E80E000023FB757B68FB60002325
:108DC0003B6109E07A683B6940339B001344002211
:108DD0005A603B6901333B613B690E2BF2D997F82E
:108DE0002E30002B1CD1FB6803F500635B68FA682A
:108DF00002F5006243F0020353607B689B6B43F40F
:108E000000127B689A637B689B6B23F400227B686B
:108E10009A637B689B6B23F480227B689A630BE0E8
:108E20007B689B6B23F400127B689A637B689B6B67
:108E300043F400227B689A63FB6803F560631A467B
:108E40000023136097F82930012B0DD197F82730B4
:108E5000002B04D10021786800F068F908E00121B6
:108E6000786800F063F903E00321786800F05EF9A8
:108E70001021786800F0FAF80346002B01D0012396
:108E8000FB75786800F024F90346002B01D001231C
:108E9000FB75FB6803F500631A4600231361FB684A
:108EA00003F500631A4600235361FB6803F5006372
:108EB0001A460023D36100233B6143E03B695A011A
:108EC000FB68134403F510631B6803F00043B3F120
:108ED000004F18D13B69002B0AD13B695A01FB684E
:108EE000134403F510631A464FF00063136013E058
:108EF0003B695A01FB68134403F510631A464FF0AF
:108F00009043136008E03B695A01FB68134403F582
:108F100010631A46002313603B695A01FB6813442F
:108F200003F510631A46002313613B695A01FB687D
:108F3000134403F510631A464FF67F3393603B6981
:108F400001333B6197F824301A463B699342B5D30D
:108F500000233B6143E03B695A01FB68134403F57E
:108F600030631B6803F00043B3F1004F18D13B6935
:108F7000002B0AD13B695A01FB68134403F53063A7
:108F80001A464FF00063136013E03B695A01FB6817
:108F9000134403F530631A464FF09043136008E022
:108FA0003B695A01FB68134403F530631A460023FA
:108FB00013603B695A01FB68134403F530631A469A
:108FC000002313613B695A01FB68134403F53063C6
:108FD0001A464FF67F3393603B6901333B6197F844
:108FE00024301A463B699342B5D3FB6803F500630E
:108FF0001B69FA6802F5006223F4807313617B68D1
:1090000000229A617B686FF080425A6197F826309F
:10901000002B05D17B689B6943F010027B689A6145
:109020007B689A69104B13437A68936197F82A30EA
:10903000002B05D07B689B6943F008027B689A612E
:1090400097F82E30012B07D17B689B6943F0804352
:1090500043F004037A689361FB7D18461837BD46D8
:10906000BDE8804004B0704700383C8080B485B0D3
:1090700000AF786039600023FB60FB680133FB6060
:10908000FB68B3F1706F01D903231BE07B681B6998
:10909000002BF2DA0023FB603B689B0143F02002C7
:1090A0007B681A61FB680133FB60FB68B3F1706F8A
:1090B00001D9032306E07B681B6903F02003202B02
:1090C000F0D0002318461437BD465DF8047B704786
:1090D00080B485B000AF78600023FB60FB6801338B
:1090E000FB60FB68B3F1706F01D9032318E07B6864
:1090F0001B69002BF2DA0023FB607B6810221A61E7
:10910000FB680133FB60FB68B3F1706F01D9032387
:1091100006E07B681B6903F01003102BF0D00023DE
:1091200018461437BD465DF8047B704780B485B09F
:1091300000AF78600B46FB707B68FB60FB6803F553
:1091400000631A68FB78F96801F5006113430B604E
:10915000002318461437BD465DF8047B704780B481
:1091600087B000AF78607B683B613B6903F50063C3
:109170009B6803F00603FB60FB68002B02D1002311
:10918000FB750AE0FB68022B02D0FB68062B02D1BC
:109190000223FB7501E00F23FB75FB7D18461C378E
:1091A000BD465DF8047B704780B485B000AF786041
:1091B00039607B68FB603B681B78BB603B685B7811
:1091C000012B3AD1FB6803F50063DA693B681B7831
:1091D00003F00F03012101FA03F39BB2F96801F5D3
:1091E00000611343CB61BB685A01FB68134403F56C
:1091F00010631B6803F40043002B55D1BB685A0170
:10920000FB68134403F510631A683B689B68C3F35B
:109210000A013B681B799B041943BB689B050B4300
:109220001343BA685101FA680A4402F5106243F028
:10923000805343F40043136036E0FB6803F500639A
:10924000DA693B681B7803F00F03012101FA03F38D
:109250001B04F96801F500611343CB61BB685A0137
:10926000FB68134403F530631B6803F40043002BD1
:109270001AD1BB685A01FB68134403F530631A68BE
:109280003B689B68C3F30A013B681B799B040B4353
:109290001343BA685101FA680A4402F5306243F098
:1092A000805343F400431360002318461437BD462F
:1092B0005DF8047B7047000080B485B000AF786033
:1092C00039607B68FB603B681B78BB603B685B7800
:1092D000012B61D1BB685A01FB68134403F510638D
:1092E0001B6803F00043B3F1004F1FD1BB685A0164
:1092F000FB68134403F510631B68BA685101FA68F0
:109300000A4402F5106243F000631360BB685A011F
:10931000FB68134403F510631B68BA685101FA68CF
:109320000A4402F5106243F080431360FB6803F5C2
:109330000063DA6B3B681B7803F00F03012101FA2D
:1093400003F39BB2DB43F96801F500611340CB6383
:10935000FB6803F50063DA693B681B7803F00F03D1
:10936000012101FA03F39BB2DB43F96801F50061C7
:109370001340CB61BB685A01FB68134403F51063CB
:109380001A68BB685901FB680B4403F51063194662
:10939000354B13400B6060E0BB685A01FB68134417
:1093A00003F530631B6803F00043B3F1004F1FD196
:1093B000BB685A01FB68134403F530631B68BA6845
:1093C0005101FA680A4402F5306243F00063136009
:1093D000BB685A01FB68134403F530631B68BA6825
:1093E0005101FA680A4402F5306243F08043136089
:1093F000FB6803F50063DA6B3B681B7803F00F032F
:10940000012101FA03F31B04DB43F96801F5006154
:109410001340CB63FB6803F50063DA693B681B7894
:1094200003F00F03012101FA03F31B04DB43F96886
:1094300001F500611340CB61BB685A01FB6813441E
:1094400003F530631A68BB685901FB680B4403F5E8
:1094500030631946054B13400B6000231846143740
:10946000BD465DF8047B7047007833EC0078F3EF7D
:1094700080B58AB002AFF860B9601346FB71FB6833
:10948000FB61BB681B78BB61BB685B78012B40F05C
:109490007F81BB681B69002B32D1BB695A01FB6914
:1094A000134403F510631B69BA695101FA690A4450
:1094B00002F5106223F0FF5323F4C0131361BB695C
:1094C0005A01FB69134403F510631B69BA69510122
:1094D000FA690A4402F5106243F400231361BB6980
:1094E0005A01FB69134403F510631B69BA69510102
:1094F000FA690A4402F51062DB0CDB04136197E0A1
:10950000BB695A01FB69134403F510631B69BA690F
:109510005101FA690A4402F51062DB0CDB041361A5
:10952000BB695A01FB69134403F510631B69BA69EF
:109530005101FA690A4402F5106223F0FF5323F443
:10954000C0131361BB69002B1AD1BB681A69BB68D1
:109550009B689A4203D9BB689A68BB681A61BB6969
:109560005A01FB69134403F510631B69BA69510181
:10957000FA690A4402F5106243F40023136144E0DF
:10958000BB681A69BB689B6813445A1EBB689B681A
:10959000B2FBF3F3FB82BB695A01FB69134403F589
:1095A00010631A69FB8AD904A44B0B40B9694801BE
:1095B000F969014401F5106113430B61BB681B7924
:1095C000012B22D1BB695A01FB69134403F51063D7
:1095D0001B69BA695101FA690A4402F5106223F065
:1095E000C0431361BB695A01FB69134403F510635F
:1095F0001A69FB8A5B0703F0C043B9694801F9693E
:10960000014401F5106113430B61BB695A01FB6909
:10961000134403F510631A69BB681B69C3F3120393
:10962000B9694801F969014401F5106113430B61FF
:10963000FB79012B4BD1BB68DB69002B09D0BB69DF
:109640005A01FB69134403F510631A46BB68DB69D2
:109650005361BB681B79012B28D1FB6903F50063BB
:109660009B6803F48073002B10D1BB695A01FB691E
:10967000134403F510631B68BA695101FA690A447F
:1096800002F5106243F0005313600FE0BB695A010A
:10969000FB69134403F510631B68BA695101FA6949
:1096A0000A4402F5106243F080531360BB695A010B
:1096B000FB69134403F510631B68BA695101FA6929
:1096C0000A4402F5106243F00443136066E1BB698B
:1096D0005A01FB69134403F510631B68BA69510111
:1096E000FA690A4402F5106243F004431360BB6850
:1096F0001B79012B15D0BB681B69002B00F04E8134
:10970000FB6903F500635A6BBB681B7803F00F031A
:10971000012101FA03F3F96901F5006113434B6379
:109720003CE1FB6903F500639B6803F48073002B45
:1097300010D1BB695A01FB69134403F510631B6820
:10974000BA695101FA690A4402F5106243F0005304
:1097500013600FE0BB695A01FB69134403F5106302
:109760001B68BA695101FA690A4402F5106243F0B4
:1097700080531360BB68D968BB681A78BB681B69E3
:1097800098B2FB7900930346F86800F0B9F905E157
:10979000BB695A01FB69134403F530631B69BA695D
:1097A0005101FA690A4402F53062DB0CDB041361F3
:1097B000BB695A01FB69134403F530631B69BA693D
:1097C0005101FA690A4402F5306223F0FF5323F491
:1097D000C0131361BB69002B32D1BB681B69002B1E
:1097E00003D0BB689A68BB681A61BB689A68BB689B
:1097F0001A62BB695A01FB69134403F530631A69A5
:10980000BB681B6AC3F31203B9694801F9690144D3
:1098100001F5306113430B61BB695A01FB691344C5
:1098200003F530631B69BA695101FA690A4402F50C
:10983000306243F40023136162E000BF0000F81FB0
:10984000BB681B69002B23D1BB695A01FB69134418
:1098500003F530631A69BB689B68C3F31203B969E7
:109860004801F969014401F5306113430B61BB699B
:109870005A01FB69134403F530631B69BA6951014E
:10988000FA690A4402F5306243F40023136137E0B9
:10989000BB681A69BB689B6813445A1EBB689B6807
:1098A000B2FBF3F3FB82BB689B68FA8A03FB02F20C
:1098B000BB681A62BB695A01FB69134403F5306344
:1098C0001A69FB8AD904384B0B40B9694801F96918
:1098D000014401F5306113430B61BB695A01FB6917
:1098E000134403F530631A69BB681B6AC3F31203A0
:1098F000B9694801F969014401F5306113430B610D
:10990000FB79012B0DD1BB68DB68002B09D0BB684C
:10991000D968BB695A01FB69134403F530630A46F1
:109920005A61BB681B79012B28D1FB6903F50063E1
:109930009B6803F48073002B10D1BB695A01FB694B
:10994000134403F530631B68BA695101FA690A448C
:1099500002F5306243F0005313600FE0BB695A0117
:10996000FB69134403F530631B68BA695101FA6956
:109970000A4402F5306243F080531360BB695A0118
:10998000FB69134403F530631B68BA695101FA6936
:109990000A4402F5306243F0044313600023184682
:1099A0002037BD4680BD00BF0000F81F80B487B0DF
:1099B00000AF786039600023FB600023FB757B6893
:1099C0003B613B685B78012B4AD13B681B785A01AD
:1099D0003B69134403F510631B6803F00043B3F1C4
:1099E000004F40F086803B681B785A013B69134466
:1099F00003F510631B683A68127851013A690A440A
:109A000002F5106243F0006313603B681B785A0153
:109A10003B69134403F510631B683A6812785101DF
:109A20003A690A4402F5106243F080431360FB6810
:109A30000133FB60FB6842F21072934202D90123AA
:109A4000FB7556E03B681B785A013B69134403F5EC
:109A500010631B6803F00043B3F1004FE7D048E008
:109A60003B681B785A013B69134403F530631B685C
:109A700003F00043B3F1004F3BD13B681B785A0120
:109A80003B69134403F530631B683A68127851014F
:109A90003A690A4402F5306243F0006313603B68A0
:109AA0001B785A013B69134403F530631B683A681D
:109AB000127851013A690A4402F5306243F080435A
:109AC0001360FB680133FB60FB6842F21072934243
:109AD00002D90123FB750CE03B681B785A013B69F6
:109AE000134403F530631B6803F00043B3F1004FE8
:109AF000E7D0FB7D18461C37BD465DF8047B7047F8
:109B000080B489B000AFF860B96011461A460B46C0
:109B1000FB711346BB80FB687B61BB68FB6197F8F8
:109B20002830002B23D1BB8803339B083B610023E3
:109B3000BB6118E0FB791A037B69134403F580537A
:109B40001A46FB691B681360FB690133FB61FB6903
:109B50000133FB61FB690133FB61FB690133FB618D
:109B6000BB690133BB61BA693B699A42E2D3002306
:109B700018462437BD465DF8047B704780B48BB02F
:109B800000AFF860B9601346FB80FB68BB61BB683F
:109B90007B62FB889B089BB27B61FB8803F003031D
:109BA000FB8300233B6214E0BB6903F580531A6812
:109BB0007B6A1A607B6A01337B627B6A01337B625A
:109BC0007B6A01337B627B6A01337B623B6A0133D0
:109BD0003B623A6A7B699A42E6D3FB8B002B1ED02C
:109BE00000233B62BB6903F580531A4607F110035B
:109BF00012681A603A693B6ADBB2DB0022FA03F3AF
:109C0000DAB27B6A1A703B6A01333B627B6A0133CA
:109C10007B62FB8B013BFB83FB8B002BEAD17B6AD6
:109C200018462C37BD465DF8047B704780B485B07C
:109C300000AF786039607B68FB603B681B78BB6075
:109C40003B685B78012B2CD1BB685A01FB6813443D
:109C500003F510631B68002B12DBBB68002B0FD0D1
:109C6000BB685A01FB68134403F510631B68BA68AC
:109C70005101FA680A4402F5106223F08043136030
:109C8000BB685A01FB68134403F510631B68BA688C
:109C90005101FA680A4402F5106243F4001313609C
:109CA0002BE0BB685A01FB68134403F530631B6863
:109CB000002B12DBBB68002B0FD0BB685A01FB687E
:109CC000134403F530631B68BA685101FA680A440B
:109CD00002F5306223F080431360BB685A01FB68D1
:109CE000134403F530631B68BA685101FA680A44EB
:109CF00002F5306243F40013136000231846143752
:109D0000BD465DF8047B704780B485B000AF7860D5
:109D100039607B68FB603B681B78BB603B685B78A5
:109D2000012B28D1BB685A01FB68134403F510636B
:109D30001B68BA685101FA680A4402F5106223F4FC
:109D4000001313603B681B79032B03D03B681B791E
:109D5000022B38D1BB685A01FB68134403F510632A
:109D60001B68BA685101FA680A4402F5106243F0B0
:109D70008053136027E0BB685A01FB68134403F566
:109D800030631B68BA685101FA680A4402F5306210
:109D900023F4001313603B681B79032B03D03B684B
:109DA0001B79022B0FD1BB685A01FB68134403F5E2
:109DB00030631B68BA685101FA680A4402F53062E0
:109DC00043F080531360002318461437BD465DF8F6
:109DD000047B704780B485B000AF78600B46FB70A1
:109DE0007B68FB60FB6803F500631B68FA6802F59B
:109DF000006223F4FE631360FB6803F500631A68D6
:109E0000FB781B0103F4FE63F96801F5006113435D
:109E10000B60002318461437BD465DF8047B70477D
:109E200080B485B000AF78607B68FB60FB6803F5A9
:109E300060631B68FA6802F5606223F00303136035
:109E4000FB6803F500635B68FA6802F5006223F0C3
:109E500002035360002318461437BD465DF8047BA7
:109E6000704780B485B000AF78607B68FB60FB68AA
:109E700003F560631B68FA6802F5606223F0030370
:109E80001360FB6803F500635B68FA6802F5006223
:109E900043F002035360002318461437BD465DF8B3
:109EA000047B704780B485B000AF78607B685B69E5
:109EB000FB607B689B69FA681340FB60FB6818468F
:109EC0001437BD465DF8047B704780B485B000AFA1
:109ED00078607B68FB60FB6803F500639B69BB608F
:109EE000FB6803F50063DB69BA681340BB60BB68BD
:109EF0001B0C18461437BD465DF8047B704780B4D0
:109F000085B000AF78607B68FB60FB6803F5006399
:109F10009B69BB60FB6803F50063DB69BA681340AB
:109F2000BB60BB689BB218461437BD465DF8047B26
:109F3000704780B485B000AF78600B46FB707B68DB
:109F4000FB60FB785A01FB68134403F530639B68A0
:109F5000BB60FB6803F500635B69BA681340BB60D4
:109F6000BB6818461437BD465DF8047B704780B463
:109F700087B000AF78600B46FB707B687B617B69C4
:109F800003F500631B693B617B6903F500635B6B51
:109F9000FB60FB7803F00F03FA6822FA03F3DB019E
:109FA000DBB23A6913433B61FB785A017B69134486
:109FB00003F510639B683A691340BB60BB681846A1
:109FC0001C37BD465DF8047B704780B483B000AF9A
:109FD00078607B685B6903F0010318460C37BD4667
:109FE0005DF8047B704780B485B000AF78607B6813
:109FF000FB60FB6803F510631B68FA6802F51062EA
:10A0000023F4FF6323F007031360FB6803F5006389
:10A010005B68FA6802F5006243F4807353600023C2
:10A0200018461437BD465DF8047B704780B487B08E
:10A0300000AFF8600B467A60FB72FB687B61FB68DF
:10A040003C3304331B683B613B69264A93420AD97F
:10A050007B6903F530631B6803F00043B3F1004FE5
:10A0600001D1002337E07B6903F530631A460023F2
:10A0700013617B6903F530631B697A6902F530620D
:10A0800043F4002313617B6903F530631B697A692C
:10A0900002F5306243F0180313617B6903F5306306
:10A0A0001B697A6902F5306243F0C0431361FB7AA1
:10A0B000012B0FD17B6903F530631A467B6853612E
:10A0C0007B6903F530631B687A6902F5306243F0FF
:10A0D00080231360002318461C37BD465DF8047BBF
:10A0E000704700BF0A30544F80B485B000AF78602D
:10A0F0000023FB60FB680133FB60FB68B3F1706F0A
:10A1000001D9032322E07B681B69002BF2DA0A23C2
:10A11000FB6002E0FB68013BFB60FB68002BF9D1B0
:10A120007B681B6943F001027B681A61FB6801339D
:10A13000FB60FB68B3F1706F01D9032306E07B6815
:10A140001B6903F00103012BF0D0002318461437DC
:10A15000BD465DF8047B704780B584B000AF786081
:10A160000B46FB704FF4077002F0CAFCF860FB6806
:10A17000002B09D17B68D3F8D4227B68B032002150
:10A1800043F822100223D4E04FF407720021F8684C
:10A1900004F0F4F97B68D3F8D4227B68B032F96814
:10A1A00043F822107B68D3F8D4227B68B03253F88E
:10A1B00022207B68C3F8BC227B681B7C002B38D133
:10A1C0005E4B19784FF400730222786802F075FB39
:10A1D0005A4B1B7803F00F02796813469B00134417
:10A1E0009B000B44233301221A70554B19784FF40E
:10A1F00000730222786802F060FB514B1B7803F079
:10A200000F02796813469B0013449B000B4403F232
:10A21000631301221A704B4B1B7803F00F0279680D
:10A2200013469B0013449B000B441C3310221A60FE
:10A2300035E0424B197840230222786802F03DFB5A
:10A240003E4B1B7803F00F02796813469B001344C2
:10A250009B000B44233301221A70394B1978402399
:10A260000222786802F029FB354B1B7803F00F02BD
:10A27000796813469B0013449B000B4403F263135D
:10A2800001221A702F4B1B7803F00F0279681346D6
:10A290009B0013449B000B441C3310221A60294B73
:10A2A000197808230322786802F007FB254B1B78F6
:10A2B00003F00F02796813469B0013449B000B4484
:10A2C000233301221A70FB680022C3F804227B6842
:10A2D000D3F8D4327A68B0339B0013445B681B68B0
:10A2E0009847FB680022C3F81422FB680022C3F8D9
:10A2F0001822FB68D3F80432002B01D1022318E0A6
:10A300007B681B7C002B0AD10D4B1978FB68D3F8B6
:10A3100004224FF40073786802F0BEFB08E0084B9B
:10A320001978FB68D3F804224023786802F0B4FB64
:10A33000002318461037BD4680BD00BF43010020F2
:10A34000440100204501002080B582B000AF786054
:10A350000B46FB703A4B1B781946786802F0D3FA2B
:10A36000374B1B7803F00F02796813469B001344A8
:10A370009B000B44233300221A70324B1B78194682
:10A38000786802F0C0FA2F4B1B7803F00F0279684F
:10A3900013469B0013449B000B4403F263130022FB
:10A3A0001A70294B1B781946786802F0ACFA264BD4
:10A3B0001B7803F00F02796813469B0013449B003F
:10A3C0000B44233300221A701F4B1B7803F00F023B
:10A3D000796813469B0013449B000B441C330022F6
:10A3E0001A607B68D3F8D4227B68B03253F82230ED
:10A3F000002B1FD07B68D3F8D4327A68B0339B002F
:10A4000013445B685B6898477B68D3F8D4227B6809
:10A41000B03253F82230184602F080FB7B68D3F844
:10A42000D4227B68B032002143F822107B680022DE
:10A43000C3F8BC22002318460837BD4680BD00BFC4
:10A4400043010020440100204501002080B586B072
:10A4500000AF786039607B68D3F8D4227B68B03273
:10A4600053F822303B6100237B7300237B81002360
:10A47000FB753B69002B01D10323BFE03B681B78D0
:10A4800003F06003002B50D0202B40F0AF803B68DE
:10A49000DB88002B3AD03B681B785BB2002B1BDAC1
:10A4A0007B68D3F8D4327A68B0339B0013445B687E
:10A4B0009B683A68507839693A68D28898473B680F
:10A4C000DB88072B28BF0723FB813B69FA891946E4
:10A4D000786801F0A9FD90E03B685A783B6983F801
:10A4E00000223B68DB883F2B03D83B68DB88DAB26D
:10A4F00000E040223B6983F8012239693B6993F807
:10A5000001321A46786801F0BEFD76E07B68D3F828
:10A51000D4327A68B0339B0013445B689B683A6816
:10A52000507800223968984767E03B685B780B2BCE
:10A5300051D801A252F823F069A50008E5A500084A
:10A54000D7A50008D7A50008D7A50008D7A50008FB
:10A55000D7A50008D7A50008D7A50008D7A50008EB
:10A5600093A50008BDA500087B6893F89C32DBB278
:10A57000032B07D107F10A0302221946786801F07C
:10A5800053FD32E03968786801F0D1FC0323FB7594
:10A590002BE07B6893F89C32DBB2032B07D107F1E9
:10A5A0000D0301221946786801F03EFD1DE039686F
:10A5B000786801F0BCFC0323FB7516E07B6893F818
:10A5C0009C32DBB2032B0FD03968786801F0AFFC06
:10A5D0000323FB7508E03968786801F0A8FC0323C1
:10A5E000FB7502E000BF08E000BF06E0396878684C
:10A5F00001F09DFC0323FB7500BFFB7D1846183757
:10A60000BD4680BD80B584B000AF78600B46FB705E
:10A610007B68D3F8C832FB607B68D3F8D4227B68B0
:10A62000B03253F82230002B01D1032365E07B6860
:10A63000D3F8D4227B68B03253F82230BB60FB7869
:10A6400003F00F02796813469B0013449B000B44F0
:10A6500014331B68002B2FD0FB7803F00F027968AE
:10A6600013469B0013449B000B4414331A68FB7879
:10A6700003F00F01F8680B46DB000B449B0003441A
:10A680001C331B68B2FBF3F101FB03F3D31A002B5D
:10A6900012D1FB7803F00F02796813469B00134434
:10A6A0009B000B44143300221A60F9780023002227
:10A6B000786802F0D0F91FE0BB680022C3F81422CA
:10A6C0007B68D3F8D4327A68B0339B0013445B685C
:10A6D0001B69002B10D07B68D3F8D4327A68B03372
:10A6E0009B0013445B681B69BA68D2F80802BA6819
:10A6F00002F50471FA789847002318461037BD46D2
:10A7000080BD80B584B000AF78600B46FB707B687D
:10A71000D3F8D4227B68B03253F82230FB607B68D8
:10A72000D3F8D4227B68B03253F82230002B01D109
:10A7300003231AE0FB781946786802F0CEF9024646
:10A74000FB68C3F80C227B68D3F8D4327A68B03344
:10A750009B0013445B68DB68FA68D2F80402FA686D
:10A7600002F5037211469847002318461037BD467C
:10A7700080BD80B584B000AF78607B68D3F8D42208
:10A780007B68B03253F82230FB60FB68002B01D1AC
:10A79000032324E07B68D3F8D4327A68B0339B007B
:10A7A00013445B68002B19D0FB6893F80032FF2B31
:10A7B00014D07B68D3F8D4327A68B0339B0013444A
:10A7C0005B689B68FA6892F80002F968FA6892F888
:10A7D00001229847FB68FF2283F8002200231846D5
:10A7E0001037BD4680BD000080B586B000AF7860F0
:10A7F0008221184800F062FD78610121154800F0BF
:10A800005DFD38618121134800F058FDF8607B69D7
:10A81000002B02D07B6910229A713B69002B06D075
:10A820003B69002242F040021A7100225A71FB6813
:10A83000002B06D0FB68002242F040021A71002271
:10A840005A717B6843221A80024B18461837BD465E
:10A8500080BD00BF0001002080B586B000AF7860E9
:10A860008221184800F02AFD78610121154800F086
:10A8700025FD38618121134800F020FDF8607B69D7
:10A88000002B02D07B6910229A713B69002B06D005
:10A890003B6900221A71002242F002025A71FB68E1
:10A8A000002B06D0FB6800221A71002242F002023F
:10A8B0005A717B6843221A80024B18461837BD46EE
:10A8C00080BD00BF0001002080B586B000AF786079
:10A8D0008221184800F0F2FC78610121154800F04F
:10A8E000EDFC38618121134800F0E8FCF8607B69D9
:10A8F000002B02D07B6910229A713B69002B06D095
:10A900003B69002242F040021A7100225A71FB6832
:10A91000002B06D0FB68002242F040021A71002290
:10A920005A717B6843221A80024B18461837BD467D
:10A9300080BD00BF0001002080B483B000AF78600C
:10A940007B680A221A80034B18460C37BD465DF817
:10A95000047B7047BC00002080B483B000AF7860F7
:10A9600039603B68002B01D1032309E07B68D3F8F1
:10A97000D4327A68B0339B0013443A685A6000239B
:10A9800018460C37BD465DF8047B704780B487B02D
:10A9900000AFF860B9607A60FB68D3F8D422FB6836
:10A9A000B03253F822307B617B69002B01D1032345
:10A9B00008E07B69BA68C3F808227B697A68C3F843
:10A9C0001022002318461C37BD465DF8047B7047F3
:10A9D00080B485B000AF786039607B68D3F8D4224A
:10A9E0007B68B03253F82230FB60FB68002B01D14A
:10A9F000032304E0FB683A68C3F8042200231846E6
:10AA00001437BD465DF8047B7047000080B584B004
:10AA100000AF78607B68D3F8D4227B68B03253F8FB
:10AA20002230BB600123FB73BB68002B01D10323E1
:10AA300025E0BB68D3F81432002B1FD1BB6801227C
:10AA4000C3F81422104B1B7803F00F02BB68D3F835
:10AA50001012786813469B0013449B000344143380
:10AA60001960094B1978BB68D3F80822BB68D3F882
:10AA70001032786801F0EFFF0023FB73FB7B184670
:10AA80001037BD4680BD00BF4301002080B584B0B3
:10AA900000AF78607B68D3F8D4227B68B03253F87B
:10AAA0002230FB607B68D3F8D4227B68B03253F845
:10AAB0002230002B01D1032318E07B681B7C002B84
:10AAC0000AD10C4B1978FB68D3F804224FF40073B9
:10AAD000786801F0E1FF08E0064B1978FB68D3F8CD
:10AAE00004224023786801F0D7FF0023184610376E
:10AAF000BD4680BD4401002080B586B000AFF8603F
:10AB0000B9601346FB71FB68002B01D103231FE0E2
:10AB1000FB680022C3F8B822FB680022C3F8C422F5
:10AB2000FB680022C3F8D022BB68002B03D0FB686F
:10AB3000BA68C3F8B422FB68012283F89C22FB6840
:10AB4000FA791A70F86801F051FE0346FB75FB7D37
:10AB500018461837BD4680BD80B584B000AF786018
:10AB600039600023FB813B68002B01D1032325E0E2
:10AB70007B683A68C3F8B8227B68D3F8D4227B6834
:10AB8000AE3253F82230DB6A002B0FD07B68D3F84B
:10AB9000D4227B68AE3253F82230DB6A07F10E0212
:10ABA0001046984702467B68C3F8D0227B68D3F8EA
:10ABB000D8325A1C7B68C3F8D822002318461037B5
:10ABC000BD4680BD80B582B000AF7860786801F086
:10ABD00059FE034618460837BD4680BD80B483B091
:10ABE00000AF7860002318460C37BD465DF8047B43
:10ABF000704780B584B000AF78600B46FB700023CF
:10AC0000FB737B68D3F8B832002B09D07B68D3F88C
:10AC1000B8321B68FA781146786898470346FB7388
:10AC2000FB7B18461037BD4680BD80B584B000AFB1
:10AC300078600B46FB700023FB737B68D3F8B83257
:10AC40005B68FA781146786898470346002B01D074
:10AC50000323FB73FB7B18461037BD4680BD80B5D0
:10AC600084B000AF786039607B6803F2AA2339684A
:10AC7000184601F022F97B680122C3F894227B6810
:10AC8000B3F8B0321A467B68C3F898227B6893F811
:10AC9000AA3203F01F03022B1AD0022B22D8002B5A
:10ACA00002D0012B0AD01DE07B6803F2AA231946CB
:10ACB000786800F077FB0346FB7320E07B6803F2C3
:10ACC000AA231946786800F0DFFB0346FB7316E001
:10ACD0007B6803F2AA231946786800F041FC03461A
:10ACE000FB730CE07B6893F8AA3223F07F03DBB29E
:10ACF0001946786801F026FE0346FB7300BFFB7B14
:10AD000018461037BD4680BD80B586B000AFF860EC
:10AD10000B467A60FB720023FB75FB7A002B77D120
:10AD2000FB6803F5AA733B61FB68D3F89432032BED
:10AD300040F0A1803B695B683A69928993421CD9D3
:10AD40003B695B683A6992899A1A3B695A603B6928
:10AD50001B693A6992891A443B691A613B6919690E
:10AD60003B699B891A463B695B68934238BF13462F
:10AD70001A46F86801F0A8F97DE0FB6893F8AA325A
:10AD800003F01F03022B14D0022B1DD8002B02D07E
:10AD9000012B03D018E00023BB7518E0FB68B3F863
:10ADA000AE32DBB21946F86800F06EFA0346BB75A6
:10ADB0000DE0FB68B3F8AE32DBB21946F86800F07C
:10ADC00070FA0346BB7502E00023BB7500BFBB7D74
:10ADD000002B19D1FB6893F89C32DBB2032B13D103
:10ADE000BA7DFB68AE3253F822301B69002B0BD0C2
:10ADF000BA7DFB68C3F8D422BA7DFB68AE3253F843
:10AE000022301B69F8689847F86801F06EF932E063
:10AE1000FB7A03F07F03DBB21946F86800F041FAD1
:10AE20000346BB75BB7DFF2B25D0BB7D002B22D1FC
:10AE3000FB6893F89C32DBB2032B17D1BA7DFB6819
:10AE4000AE3253F822309B69002B0FD0BA7DFB68DD
:10AE5000C3F8D422BA7DFB68AE3253F822309B6926
:10AE6000FA7A1146F86898470346FB75FB7D002B7C
:10AE700001D0FB7D00E0002318461837BD4680BD99
:10AE800080B586B000AFF8600B467A60FB72FB7A43
:10AE9000002B78D1FB6814333B61FB68D3F8943204
:10AEA000022B63D13B695B683A69928993421CD952
:10AEB0003B695B683A6992899A1A3B695A603B69B7
:10AEC0001B693A6992891A443B691A613B6919699D
:10AED0003B695B681A46F86801F0C4F80023002259
:10AEE0000021F86801F0D8FD40E03B699B891A46D3
:10AEF0003B695B689A421CD13B691B683A6992893D
:10AF0000934216D33B691A68FB68D3F898329A4289
:10AF10000FD200220021F86801F0A4F8FB6800229B
:10AF2000C3F89822002300220021F86801F0B4FD44
:10AF30001CE0FB6893F89C32DBB2032B0FD1FB685B
:10AF4000D3F8B832DB68002B09D0FB680022C3F8C5
:10AF5000D422FB68D3F8B832DB68F86898478021C0
:10AF6000F86801F0EFFCF86801F0D2F8FB6893F89C
:10AF7000A032002B3AD0F868FFF730FEFB680022C1
:10AF800083F8A02232E0FB7A63F07F03DBB219463C
:10AF9000F86800F086F90346FB75FB7DFF2B25D092
:10AFA000FB7D002B22D1FB6893F89C32DBB2032B94
:10AFB0001CD1FA7DFB68AE3253F822305B69002B5E
:10AFC00014D0FA7DFB68C3F8D422FA7DFB68AE3258
:10AFD00053F822305B69FA7A1146F86898470346BD
:10AFE000BB75BB7D002B01D0BB7D00E00023184664
:10AFF0001837BD4680BD80B584B000AF78600023AF
:10B00000FB737B68012283F89C227B680022C3F8D3
:10B0100094227B6800225A607B680022C3F8A42235
:10B020007B68002283F8A0227B68D3F8B832002B1B
:10B0300014D07B68D3F8B8325B68002B0ED07B68E5
:10B04000D3F8B8325B687A685268D2B21146786831
:10B0500098470346002B01D00323FB7340230022B3
:10B060000021786801F029FC7B68012283F86321C4
:10B070007B684022A3F86021402300228021786869
:10B0800001F01BFC7B68012283F823207B684022AF
:10B090001A84FB7B18461037BD4680BD80B483B050
:10B0A00000AF78600B46FB707B68FA781A74002357
:10B0B00018460C37BD465DF8047B704780B483B0FA
:10B0C00000AF78607B6893F89C32DBB2042B06D02B
:10B0D0007B6893F89C32DAB27B6883F89D227B68A8
:10B0E000042283F89C22002318460C37BD465DF8E5
:10B0F000047B704780B483B000AF78607B6893F8BE
:10B100009C32DBB2042B06D17B6893F89D32DAB215
:10B110007B6883F89C22002318460C37BD465DF8F7
:10B12000047B704780B582B000AF78607B6893F88D
:10B130009C32DBB2032B10D17B68D3F8B832002BE2
:10B140000BD07B68D3F8B832DB69002B05D07B6865
:10B15000D3F8B832DB697868984700231846083777
:10B16000BD4680BD80B582B000AF78600B46FB70F5
:10B170007B68D3F8D4227B68AE3253F82230002BA0
:10B1800001D103231CE07B6893F89C32DBB2032BD4
:10B1900015D17B68D3F8D4227B68AE3253F82230C5
:10B1A0001B6A002B0BD07B68D3F8D4227B68AE32AD
:10B1B00053F822301B6AFA781146786898470023C2
:10B1C00018460837BD4680BD80B582B000AF7860B4
:10B1D0000B46FB707B68D3F8D4227B68AE3253F801
:10B1E0002230002B01D103231CE07B6893F89C32B2
:10B1F000DBB2032B15D17B68D3F8D4227B68AE3247
:10B2000053F822305B6A002B0BD07B68D3F8D42232
:10B210007B68AE3253F822305B6AFA781146786860
:10B220009847002318460837BD4680BD80B483B0D8
:10B2300000AF7860002318460C37BD465DF8047BEC
:10B24000704780B584B000AF78600023FB737B68E3
:10B25000012283F89C227B68D3F8B832002B0ED0F1
:10B260007B68D3F8B8325B687A685268D2B211460C
:10B27000786898470346002B01D00323FB73FB7BC0
:10B2800018461037BD4680BD80B483B000AF7860EB
:10B290000B46FB70002318460C37BD465DF8047B57
:10B2A000704780B483B000AF78600B46FB7000231A
:10B2B00018460C37BD465DF8047B704780B586B0F4
:10B2C00000AF78600B46FB707B687B617B68FB603E
:10B2D00000233B61FB685B889BB2FA68127893425B
:10B2E0001FD9FB681B787B8113E007F10A0319461D
:10B2F000786900F01BF878617B695B78052B08D1D1
:10B300007B693B613B699B78FA789A4208D00023BD
:10B310003B61FB685B889AB27B899A42E5D800E082
:10B3200000BF3B6918461837BD4680BD80B485B064
:10B3300000AF786039607B68FB603B681B88FA6807
:10B34000127813449AB23B681A80FB681B781A463D
:10B350007B681344FB60FB6818461437BD465DF8F4
:10B36000047B704780B487B000AF78607B687B61F6
:10B370007B691B787B827B6901337B617B691B78EE
:10B380003B82B7F910301B021AB2B7F912301343DF
:10B390001BB2FB81FB8918461C37BD465DF8047B58
:10B3A0007047000080B584B000AF7860396000233A
:10B3B000FB733B681B7803F06003402B05D0402BE8
:10B3C00057D8002B0FD0202B53D17B68D3F8D42231
:10B3D0007B68AE3253F822309B68396878689847AA
:10B3E0000346FB734AE03B685B78092B3BD801A21C
:10B3F00052F823F049B400085DB4000867B40008AF
:10B4000053B4000867B4000827B400081DB400084E
:10B4100067B400083FB4000831B4000839687868A0
:10B4200000F03EFA24E03968786800F0A3FB1FE0E2
:10B430003968786800F0E2FB0346FB7318E039686E
:10B44000786800F085FC13E03968786800F0B6FC95
:10B450000EE03968786800F0E5FC09E03968786842
:10B4600000F009FD04E03968786800F060FD00BF75
:10B4700004E03968786800F05AFD00BFFB7B18468D
:10B480001037BD4680BD00BF80B584B000AF786086
:10B4900039600023FB733B681B7803F06003402B8B
:10B4A00005D0402B52D8002B01D0202B4ED17B68E9
:10B4B00093F89C32DBB2013B022B40D83B689B885F
:10B4C000DBB2012B36D83B689B88DBB21946786823
:10B4D000FFF7DAFE0346BB73BB7BFF2B1DD0BB7BA4
:10B4E000002B1AD1BA7B7B68AE3253F822309B68AE
:10B4F000002B0FD0BA7B7B68C3F8D422BA7B7B6861
:10B50000AE3253F822309B68396878689847034612
:10B51000FB7304E00323FB7301E00323FB733B682D
:10B52000DB88002B10D1FB7B002B0DD1786800F05D
:10B53000DCFD09E03968786800F0F9FC04E039685E
:10B54000786800F0F4FC00E000BF04E03968786837
:10B5500000F0EDFC00BFFB7B18461037BD4680BDF8
:10B5600080B584B000AF786039600023FB733B681E
:10B570009B88BB733B681B7803F06003402B07D0AC
:10B58000402B00F28181002B2AD0202B40F07C81BF
:10B59000BB7B19467868FFF784FE03467B737B7B91
:10B5A000FF2B00F076817B7B002B40F072817A7B51
:10B5B0007B68C3F8D4227A7B7B68AE3253F82230A2
:10B5C0009B68002B00F065817A7B7B68AE3253F874
:10B5D00022309B683968786898470346FB7358E1C6
:10B5E0003B685B78032B08D0032B00F34781002BCB
:10B5F00000F09B80012B3CD040E17B6893F89C32AB
:10B60000DBB2022B02D0032B16D02CE0BB7B002B2D
:10B610000DD0BB7B802B0AD0BB7B1946786801F02C
:10B6200091F98021786801F08DF900BF20E0396838
:10B63000786800F07CFC1BE03B685B88002B0ED137
:10B64000BB7B002B0BD0BB7B802B08D03B68DB88FF
:10B65000002B04D1BB7B1946786801F073F9786838
:10B6600000F043FD04E03968786800F060FC00BF3A
:10B6700009E17B6893F89C32DBB2022B02D0032BEA
:10B6800016D04BE0BB7B002B0DD0BB7B802B0AD0B0
:10B69000BB7B1946786801F055F98021786801F084
:10B6A00051F900BF40E03968786800F040FC3BE0A9
:10B6B0003B685B88002B36D1BB7B03F07F03002BFC
:10B6C00004D0BB7B1946786801F05BF9786800F01C
:10B6D0000CFDBB7B19467868FFF7E3FD03467B73DF
:10B6E0007B7BFF2B1FD07B7B002B1CD17A7B7B6865
:10B6F000C3F8D4227A7B7B68AE3253F822309B6841
:10B70000002B10D07A7B7B68AE3253F822309B68D6
:10B710003968786898470346FB7304E039687868AD
:10B7200000F005FC00E000BFADE07B6893F89C32C0
:10B73000DBB2022B02D0032B33D099E0BB7B002B72
:10B7400007D0BB7B802B04D03968786800F0EFFB12
:10B7500093E097F90E30002B0BDABB7B03F07F02EE
:10B7600013469B0013449B0010337A681344043340
:10B770000BE0BB7B03F07F0213469B0013449B004E
:10B7800003F5A8737A6813440433BB60BB680022D6
:10B790009A73BB680E3302221946786800F044FCA5
:10B7A0006BE097F90E30002B11DABB7B03F00F0230
:10B7B000796813469B0013449B000B4423331B788A
:10B7C000002B17D13968786800F0B1FB55E0BB7BDE
:10B7D00003F00F02796813469B0013449B000B444F
:10B7E00003F263131B78002B04D13968786800F0EA
:10B7F0009EFB42E097F90E30002B0BDABB7B03F087
:10B800007F0213469B0013449B0010337A68134455
:10B8100004330BE0BB7B03F07F0213469B00134411
:10B820009B0003F5A8737A6813440433BB60BB7BA9
:10B83000002B02D0BB7B802B03D1BB6800229A7304
:10B840000EE0BB7B1946786801F0BAF80346002B7E
:10B8500003D0BB6801229A7302E0BB6800229A738E
:10B86000BB680E3302221946786800F0DDFB04E065
:10B870003968786800F05BFB00BF04E039687868DD
:10B8800000F055FB00BF05E03968786800F04FFB19
:10B8900000E000BFFB7B18461037BD4680BD0000AE
:10B8A00080B584B000AF7860396000233B8100230D
:10B8B000FB600023FB723B685B881B0A9BB2013B69
:10B8C000062B00F2288101A252F823F0E9B8000803
:10B8D00001B9000841B9000817BB000817BB0008F0
:10B8E000B7BA0008E3BA00087B68D3F8B4321B6823
:10B8F0007A68127C07F1080110469847F86012E157
:10B900007B681B7C002B0DD17B68D3F8B8329B6A17
:10B9100007F1080210469847F860FB6801330222DD
:10B920001A7000E17B68D3F8B832DB6A07F10802CD
:10B9300010469847F860FB68013302221A70F2E063
:10B940003B685B88DBB2052B00F2AC8001A252F8A9
:10B9500023F000BF6DB90008A1B90008D5B90008EF
:10B9600009BA00083DBA000871BA00087B68D3F82C
:10B97000B4325B68002B0BD07B68D3F8B4325B68C1
:10B980007A68127C07F1080110469847F86091E048
:10B990003968786800F0CBFAFB7A0133FB7289E0F2
:10B9A0007B68D3F8B4329B68002B0BD07B68D3F84C
:10B9B000B4329B687A68127C07F1080110469847F8
:10B9C000F86077E03968786800F0B1FAFB7A013303
:10B9D000FB726FE07B68D3F8B432DB68002B0BD0CE
:10B9E0007B68D3F8B432DB687A68127C07F108010F
:10B9F00010469847F8605DE03968786800F097FA7B
:10BA0000FB7A0133FB7255E07B68D3F8B4321B69D3
:10BA1000002B0BD07B68D3F8B4321B697A68127C98
:10BA200007F1080110469847F86043E039687868E4
:10BA300000F07DFAFB7A0133FB723BE07B68D3F8C0
:10BA4000B4325B69002B0BD07B68D3F8B4325B69EE
:10BA50007A68127C07F1080110469847F86029E0DF
:10BA60003968786800F063FAFB7A0133FB7221E0F1
:10BA70007B68D3F8B4329B69002B0BD07B68D3F87A
:10BA8000B4329B697A68127C07F108011046984726
:10BA9000F8600FE03968786800F049FAFB7A013302
:10BAA000FB7207E03968786800F041FAFB7A0133ED
:10BAB000FB7200BF37E07B681B7C002B09D17B68E1
:10BAC000D3F8B8325B6B07F1080210469847F8606C
:10BAD00029E03968786800F02AFAFB7A0133FB72B2
:10BAE00021E07B681B7C002B0DD17B68D3F8B8323A
:10BAF0001B6B07F1080210469847F860FB6801339A
:10BB000007221A700FE03968786800F010FAFB7AA3
:10BB10000133FB7207E03968786800F008FAFB7AB5
:10BB20000133FB7200BFFB7A002B1ED13B68DB8820
:10BB3000002B16D03B89002B0ED03B68DA883B895E
:10BB4000934228BF13469BB23B813B891A46F96852
:10BB5000786800F069FA09E03968786800F0E7F978
:10BB600004E0786800F0C1FA00E000BF1037BD467D
:10BB700080BD00BF80B584B000AF786039603B689D
:10BB80009B88002B31D13B68DB88002B2DD13B6893
:10BB90005B887F2B29D83B685B88DBB203F07F038F
:10BBA000FB737B6893F89C32DBB2032B04D13968BA
:10BBB000786800F0BCF91DE07B68FA7B83F89E2270
:10BBC000FB7B1946786800F027FF786800F08DFA53
:10BBD000FB7B002B04D07B68022283F89C2209E0C7
:10BBE0007B68012283F89C2204E03968786800F0C1
:10BBF0009EF900BF00BF1037BD4680BD80B584B040
:10BC000000AF786039600023FB733B685B88DAB271
:10BC10004E4B1A704D4B1B78012B05D9396878684B
:10BC200000F085F903238CE07B6893F89C32DBB24B
:10BC3000022B02D0032B29D075E0444B1B78002B3C
:10BC400020D0424B1B781A467B685A603F4B1B78CA
:10BC500019467868FEF7CDFF0346FB73FB7B002B8C
:10BC600008D03968786800F062F97B68022283F8AE
:10BC70009C2265E0786800F038FA7B68032283F83C
:10BC80009C225DE0786800F030FA59E02F4B1B7879
:10BC9000002B12D17B68022283F89C222B4B1B784D
:10BCA0001A467B685A60294B1B7819467868FEF75C
:10BCB000BCFF786800F019FA42E0244B1B781A4662
:10BCC0007B685B689A422AD07B685B68DBB2194666
:10BCD0007868FEF7AAFF1D4B1B781A467B685A60EE
:10BCE0001A4B1B7819467868FEF783FF0346FB73EF
:10BCF000FB7B002B0FD03968786800F018F97B685F
:10BD00005B68DBB219467868FEF78FFF7B6802221A
:10BD100083F89C2214E0786800F0E7F910E0786876
:10BD200000F0E3F90CE03968786800F000F9074B9F
:10BD30001B7819467868FEF778FF0323FB7300BF72
:10BD4000FB7B18461037BD4680BD00BFF4060020BF
:10BD500080B582B000AF786039603B68DB88012B2A
:10BD600004D03968786800F0E2F823E07B6893F843
:10BD70009C32DBB2022B02DC002B03DC15E0032B30
:10BD80000BD012E07B6800229A607B6808330122A6
:10BD90001946786800F048F90CE07B68043301220A
:10BDA0001946786800F040F904E03968786800F0D6
:10BDB000BEF800BF00BF0837BD4680BD80B582B069
:10BDC00000AF786039607B6893F89C32DBB2013B4E
:10BDD000022B1ED83B68DB88022B04D039687868B8
:10BDE00000F0A5F81AE07B680122DA607B68D3F8DE
:10BDF000A432002B05D07B68DB6843F002027B682D
:10BE0000DA607B680C3302221946786800F00CF97E
:10BE100004E03968786800F08AF800BF00BF08378E
:10BE2000BD4680BD80B582B000AF786039603B68A8
:10BE30005B88012B07D17B680122C3F8A4227868B4
:10BE400000F053F913E03B685B88022B0BD13B6891
:10BE50009B881B0A9BB2DAB27B6883F8A0227868C1
:10BE600000F043F903E03968786800F060F800BF3B
:10BE70000837BD4680BD80B582B000AF78603960BC
:10BE80007B6893F89C32DBB2013B022B0BD83B68FA
:10BE90005B88012B0CD17B680022C3F8A422786850
:10BEA00000F023F904E03968786800F040F800E019
:10BEB00000BF00BF0837BD4680BD80B584B000AF6D
:10BEC000786039603B68FB60FB681A787B681A70A1
:10BED000FB680133FB60FB681A787B685A70FB686B
:10BEE0000133FB60F868FFF73DFA03461A467B68AA
:10BEF0005A80FB680133FB60FB680133FB60F86824
:10BF0000FFF730FA03461A467B689A80FB680133D4
:10BF1000FB60FB680133FB60F868FFF723FA034618
:10BF20001A467B68DA8000BF1037BD4680BD80B5F9
:10BF300082B000AF786039608021786800F002FD3F
:10BF40000021786800F0FEFC00BF0837BD4680BDC8
:10BF500080B586B000AFF860B9607A600023FB75E9
:10BF6000FB68002B42D0FB683B61386900F042F867
:10BF7000034601335B00B3F5007F08D8386900F051
:10BF800039F8034601339BB25B009AB201E04FF4EB
:10BF900000727B681A80FB7DBA6813447A68127855
:10BFA0001A70FB7D0133FB75FB7DBA6813440322D5
:10BFB0001A70FB7D0133FB7513E0FB7DBA681344F7
:10BFC0003A6912781A703B6901333B61FB7D01339A
:10BFD000FB75FB7DBA68134400221A70FB7D0133A8
:10BFE000FB753B691B78002BE7D100E000BF1837D9
:10BFF000BD4680BD80B485B000AF78600023FB7380
:10C000007B68BB6005E0FB7B0133FB73BB680133DE
:10C01000BB60BB681B78002BF5D1FB7B184614373F
:10C02000BD465DF8047B704780B584B000AFF86012
:10C03000B9607A60FB680222C3F89422FB687A68D0
:10C040005A61FB68BA685A62FB687A689A617B68D1
:10C05000BA680021F86800F0FEFC0023184610378B
:10C06000BD4680BD80B584B000AFF860B9607A602D
:10C070007B68BA680021F86800F0EDFC00231846E0
:10C080001037BD4680BD80B584B000AFF860B960A0
:10C090007A60FB680322C3F89422FB687A68C3F8CD
:10C0A0005421FB68BA68C3F86421FB687A68C3F856
:10C0B00058217B68BA680021F86800F0EDFC002385
:10C0C00018461037BD4680BD80B584B000AFF8601B
:10C0D000B9607A607B68BA680021F86800F0DCFC1F
:10C0E000002318461037BD4680BD80B582B000AF32
:10C0F00078607B680422C3F8942200230022002188
:10C10000786800F0A8FC002318460837BD4680BDBB
:10C1100080B582B000AF78607B680522C3F89422B6
:10C12000002300220021786800F0B6FC00231846A6
:10C130000837BD4680BD000080B500AF002212491F
:10C140001248FEF7D9FC0346002B01D0F5F7FEFCA0
:10C150000F490E48FEF700FD0346002B01D0F5F70E
:10C16000F5FC0C490948FEF7F7FB0346002B01D00C
:10C17000F5F7ECFC0548FEF725FD0346002B01D042
:10C18000F5F7E4FC00BF80BD5C010020F80600204C
:10C19000C80000204801002080B500AF00220549FA
:10C1A0000548FEF7F3FB05490348FEF711FC0023A1
:10C1B000184680BDD4110020F8060020D4090020C4
:10C1C00080B400AF00231846BD465DF8047B70477D
:10C1D00080B483B000AF03463960FB711346BB8067
:10C1E000FB79232B4AD801A252F823F07DC2000824
:10C1F0007DC200087DC200087DC200087DC2000823
:10C200007DC200087DC200087DC200087DC2000812
:10C210007DC200087DC200087DC200087DC2000802
:10C220007DC200087DC200087DC200087DC20008F2
:10C230007DC200087DC200087DC200087DC20008E2
:10C240007DC200087DC200087DC200087DC20008D2
:10C250007DC200087DC200087DC200087DC20008C2
:10C260007DC200087DC200087DC200087DC20008B2
:10C270007DC200087DC200087DC2000800BF002307
:10C2800018460C37BD465DF8047B704780B582B018
:10C2900000AF7860396079680B48FEF799FB0A486F
:10C2A000FEF7F4FB3B681B6819460848F4F7DEFE0E
:10C2B0003B681B681A460021044802F05FF900231E
:10C2C00018460837BD4680BDF8060020D409002076
:10C2D00080B584B000AF78600B467B800023FB7391
:10C2E0000D4BD3F8BC32BB60BB68D3F81432002BC3
:10C2F00001D001230BE07B881A4679680648FEF7D7
:10C3000045FB0548FEF782FB0346FB73FB7B1846A3
:10C310001037BD4680BD00BFF806002080B487B04E
:10C3200000AFF860B9601346FB710023FB7597F905
:10C33000173018461C37BD465DF8047B7047000077
:10C3400080B483B000AF03463960FB713B681222B2
:10C350001A80034B18460C37BD465DF8047B7047C6
:10C360007801002080B483B000AF03463960FB71D0
:10C370003B6804221A80034B18460C37BD465DF813
:10C38000047B70478C01002080B582B000AF03466B
:10C390003960FB71FB79002B05D13A6807490848E1
:10C3A000FFF7D6FD04E03A6804490548FFF7D0FDE1
:10C3B000024B18460837BD4680BD00BFD419002087
:10C3C000A017010880B582B000AF03463960FB7149
:10C3D0003A6804490448FFF7BBFD024B184608378A
:10C3E000BD4680BDD4190020B817010880B582B0C1
:10C3F00000AF03463960FB713B681A221A8000F0D7
:10C4000043F8024B18460837BD4680BD9001002016
:10C4100080B582B000AF03463960FB71FB79002B19
:10C4200005D13A6807490848FFF792FD04E03A68E9
:10C4300004490548FFF78CFD024B18460837BD46F6
:10C4400080BD00BFD4190020CC17010880B582B090
:10C4500000AF03463960FB71FB79002B05D13A68C8
:10C4600007490848FFF774FD04E03A6804490548A5
:10C47000FFF76EFD024B18460837BD4680BD00BF72
:10C48000D4190020D817010880B584B000AF0F4B35
:10C490001B68FB600E4B1B68BB600E4B1B687B6010
:10C4A000FA687B681344FB60FB68002B09D0082204
:10C4B0000949F86800F014F804220849B86800F047
:10C4C0000FF800BF1037BD4680BD00BF107AFF1FB8
:10C4D000147AFF1F187AFF1F92010020A20100208A
:10C4E00080B487B000AFF860B9601346FB710023D9
:10C4F000FB750023FB7527E0FB681B0F092B0BD88E
:10C50000FB681B0FDAB2FB7D5B001946BB680B446E
:10C510003032D2B21A700AE0FB681B0FDAB2FB7D30
:10C520005B001946BB680B443732D2B21A70FB6805
:10C530001B01FB60FB7D5B000133BA6813440022E2
:10C540001A70FB7D0133FB75FA7DFB799A42D3D3D8
:10C5500000BF00BF1C37BD465DF8047B704700007C
:10C5600080B58AB000AF786007F1140300221A602A
:10C570005A609A60DA601A617B681B68B3F1A04F59
:10C580003AD100233B611E4B1B6B1D4A43F0010354
:10C5900013631B4B1B6B03F001033B613B694FF4BF
:10C5A000C0537B610223BB610023FB6103233B6219
:10C5B0000A237B6207F1140319461248F6F73EFF7F
:10C5C0000F4B5B6B0E4A43F0800353630023FB6009
:10C5D0000B4B5B6C0A4A43F480435364084B5B6C1F
:10C5E00003F48043FB60FB68002200214320F6F740
:10C5F0005CFE4320F6F775FE00BF2837BD4680BDC0
:10C60000003802400000024080B582B000AF786080
:10C610007B68D3F8E0247B6803F29C4319461046FC
:10C62000FEF71DFB00BF0837BD4680BD80B582B058
:10C6300000AF78600B46FB707B68D3F8E004FA78B3
:10C6400079681346DB0013449B000B4403F5187311
:10C650001A68FB781946FEF757FB00BF0837BD463E
:10C6600080BD80B582B000AF78600B46FB707B6800
:10C67000D3F8E004FA7879681346DB0013449B0092
:10C680000B4420331A68FB781946FEF7F9FB00BF0C
:10C690000837BD4680BD80B582B000AF78607B684A
:10C6A000D3F8E0341846FEF73DFD00BF0837BD461D
:10C6B00080BD80B584B000AF78600123FB737B68D8
:10C6C000DB79002B02D10023FB7308E07B68DB7968
:10C6D000022B02D10123FB7301E0F5F737FA7B68E7
:10C6E000D3F8E034FA7B11461846FEF7D7FC7B6896
:10C6F000D3F8E0341846FEF77EFC00BF1037BD4685
:10C7000080BD000080B582B000AF78607B68D3F850
:10C71000E0341846FEF7D2FC7B681B6803F56063C3
:10C720001B687A68126802F5606243F001031360C7
:10C730007B68DB7A002B05D0044B1B69034A43F06E
:10C740000603136100BF0837BD4680BD00ED00E061
:10C7500080B582B000AF78607B68D3F8E0341846CB
:10C76000FEF7C8FC00BF0837BD4680BD80B582B06B
:10C7700000AF78600B46FB707B68D3F8E034FA7842
:10C7800011461846FEF720FD00BF0837BD4680BDA4
:10C7900080B582B000AF78600B46FB707B68D3F841
:10C7A000E034FA7811461846FEF7DCFC00BF083783
:10C7B000BD4680BD80B582B000AF78607B68D3F89D
:10C7C000E0341846FEF732FD00BF0837BD4680BD95
:10C7D00080B582B000AF78607B68D3F8E03418464B
:10C7E000FEF72FFD00BF0837BD4680BD80B582B083
:10C7F00000AF78607B681B78002B3CD1204A7B68B7
:10C80000C2F8E0347B681E4AC3F8C8221C4B4FF0C4
:10C81000A0421A601A4B04221A71194B0222DA71D3
:10C82000174B00229A71164B02225A72144B0022A7
:10C830009A72134B0022DA72114B00221A73104BBA
:10C8400000229A730E4B0022DA730D48F8F714F9A0
:10C850000346002B01D0F5F779F980210848F9F754
:10C8600040FB402200210648F9F7F4FA802201211A
:10C870000348F9F7EFFA002318460837BD4680BD94
:10C88000D41B002080B584B000AF78600023FB7318
:10C890000023BB737B68D3F8C8321846F8F7FBF95E
:10C8A0000346FB73FB7B184600F042F90346BB735B
:10C8B000BB7B18461037BD4680BD80B584B000AF45
:10C8C0007860084611461A460346FB700B46BB705B
:10C8D00013463B800023FB730023BB737B68D3F8B4
:10C8E000C802BB783A88F978F8F7CFFE0346FB73A5
:10C8F000FB7B184600F01CF90346BB73BB7B184654
:10C900001037BD4680BD80B584B000AF78600B465F
:10C91000FB700023FB730023BB737B68D3F8C83222
:10C92000FA7811461846F8F71AFF0346FB73FB7BAB
:10C93000184600F0FDF80346BB73BB7B1846103762
:10C94000BD4680BD80B584B000AF78600B46FB70FB
:10C950000023FB730023BB737B68D3F8C832FA78DB
:10C9600011461846F8F7D2FF0346FB73FB7B1846C7
:10C9700000F0DEF80346BB73BB7B18461037BD469C
:10C9800080BD80B584B000AF78600B46FB7000239B
:10C99000FB730023BB737B68D3F8C832FA78114667
:10C9A0001846F9F716F80346FB73FB7B184600F0B0
:10C9B000BFF80346BB73BB7B18461037BD4680BD2E
:10C9C00080B485B000AF78600B46FB707B68D3F80D
:10C9D000C832FB6097F90330002B0BDAFB7803F0C9
:10C9E0007F02F9681346DB0013449B000B441633A7
:10C9F0001B780BE0FB7803F07F02F9681346DB003D
:10CA000013449B000B4403F256231B78184614373B
:10CA1000BD465DF8047B704780B584B000AF786098
:10CA20000B46FB700023FB730023BB737B68D3F8BA
:10CA3000C832FA7811461846F8F703FE0346FB732E
:10CA4000FB7B184600F074F80346BB73BB7B1846AB
:10CA50001037BD4680BD80B586B000AFF8607A6003
:10CA60003B600B46FB720023FB750023BB75FB6824
:10CA7000D3F8C802F97A3B687A68F8F70DFF0346E5
:10CA8000FB75FB7D184600F053F80346BB75BB7D74
:10CA900018461837BD4680BD80B586B000AFF86037
:10CAA0007A603B600B46FB720023FB750023BB756D
:10CAB000FB68D3F8C802F97A3B687A68F8F799FE00
:10CAC0000346FB75FB7D184600F032F80346BB7544
:10CAD000BB7D18461837BD4680BD80B582B000AF1B
:10CAE00078600B46FB707B68D3F8C832FA78114641
:10CAF0001846F8F7B9FE034618460837BD4680BD0C
:10CB000080B483B000AF7860034B18460C37BD4645
:10CB10005DF8047B704700BFB820002080B483B06C
:10CB200000AF786000BF0C37BD465DF8047B7047EE
:10CB300080B485B000AF0346FB710023FB73FB7923
:10CB4000032B17D801A252F823F000BF5DCB0008D9
:10CB500063CB000869CB00086FCB00080023FB7390
:10CB60000BE00323FB7308E00123FB7305E00323C1
:10CB7000FB7302E00323FB7300BFFB7B18461437F3
:10CB8000BD465DF8047B7047002100F005BE002122
:10CB900000F00EBE70B504460D4645EC104B16462F
:10CBA00003F026FC51EC100B7EB1C5F30A53C3F120
:10CBB0006B03002B09DD1B0503F17F55002405F5F0
:10CBC000401522462B46F3F727FD41EC100B70BDB4
:10CBD0002DE9F04F9FB00C46179200221A92059053
:10CBE0004FF0000A4FF0000B0A46199211782B29DA
:10CBF0004AD038D80D2932D8082932D800293BD05C
:10CC000000220E92199D2A78302A40F0B2806A786C
:10CC100002F0DF02582A6ED102930E9B01931AABE9
:10CC200000938F4A05981BAB19A902F0DBFC10F0AA
:10CC30000F06044605D0062E28D10135002319958C
:10CC40000E93179B002B40F08E850E9BCBB1524666
:10CC50000BF1004343EC102B1FB0BDE8F08F2029EF
:10CC6000CED10132C1E72D29CAD101210E91511C2B
:10CC700019915278002AC5D1179B1994002B40F0C6
:10CC8000708552465B46E5E70021EFE71A9A3AB114
:10CC900035211CA803F0A6FC1A99059803F07CF82E
:10CCA000013E1B9A042E06D8DFE806F014031D206F
:10CCB0001400DDE91CABE10548BF4BF0004B2BF045
:10CCC00000431B0D1B05002BBBD101F017FD2223D8
:10CCD0000360B6E7DDE91CA302F2334223F48013BC
:10CCE00043EA025BE7E7DFF880B1E4E76FF0004B6F
:10CCF0004FF0FF3ADFE7199B5A1C19925B78302BF3
:10CD0000F9D0002B9DD0012300270893199B0C9389
:10CD10000B97B9460A2219980578A5F13003D9B2C4
:10CD2000092928D94F49012201F030FC002832D0CE
:10CD300000202A460A904D460346652A01D0452A1E
:10CD400014D11DB9089A024396D00025199C621C83
:10CD5000199262782B2A7AD02D2A7ED04FF0000CBF
:10CD6000A2F13001092940F2858019944FF00008A2
:10CD7000A5E00023C8E7B9F1080FD8BF0B9900F16F
:10CD80000100DABF02FB01330B9302FB073709F105
:10CD900001091990BFE7199B5A1C19925A78B9F1E9
:10CDA000000F3BD00A904D46A2F13003092B12D957
:10CDB0000123C2E7199B5A1C19925A780130302A74
:10CDC000F8D0A2F13103082B00F2D284199B0A900B
:10CDD00000200C930546303A00F1010318D00A995F
:10CDE00019440A912E464FF00A0E711CA1EB050C56
:10CDF000634515DC20EAE0702B18082B05F10105CE
:10CE000005441ADC0B990A2303FB01230B9300232F
:10CE1000199A511C199152781846C5E74846CEE731
:10CE2000082E05DC0B9E0EFB06F60B960E46DCE785
:10CE30001029D8BF0EFB07F7F8E70F2BDCBF0A233A
:10CE400003FB0727E3E700230A9301237AE74FF068
:10CE5000000CA21C1992A27882E74FF0010CF8E7AF
:10CE6000401A0108001801080000F07F199A511CAF
:10CE700019915278302AF9D0A2F1310108293FF6F0
:10CE800075AF303A0992199A0F924FF00A08199A21
:10CE9000561C19965278A2F1300EBEF1090F39D9FD
:10CEA0000F99761A082E44F61F6803DC0999884505
:10CEB000A8BF8846BCF1000F01D0C8F10008002DC2
:10CEC0004ED1089908437FF4BCAE002B7FF4D4AE5A
:10CED000692A28D025DC492A25D04E2A7FF4CCAEF9
:10CEE0009A4919A802F0A0FD00283FF4C5AE199B8D
:10CEF0001B78282B2ED196491CAA19A802F0A8FD50
:10CF0000052827D11D9BDDF870A043F0FF4B4BF4A3
:10CF1000E00B96E6099908FB0121A1F13002099284
:10CF2000B5E76E2ADAE78B4919A802F07DFD0028E3
:10CF30003FF4A2AE199B8849013B19A8199302F04E
:10CF400073FD10B9199B01331993DFF81CB24FF030
:10CF5000000A76E6814801F00FFC5BEC10AB70E64E
:10CF60000A9B0B98A8EB0303B9F1000F08BFA94671
:10CF7000102D09932C46A8BF1024F3F7D3FA092DDE
:10CF800082468B4613DC099B002B3FF45AAE099B6B
:10CF900078DD162B5FDC724901EBC301D1E900019A
:10CFA00052465B46F3F738FB82468B4649E66C4BAC
:10CFB00003EBC40353E91223F3F72EFB82463846F2
:10CFC0008B46F3F7AFFA02460B4650465946F3F745
:10CFD0006DF90F2D82468B46D5DD099B2C1B1C4419
:10CFE000002C40F3938014F00F030AD05C4901EB4E
:10CFF000C30152465B46D1E90001F3F70DFB8246BF
:10D000008B4634F00F0473D0B4F59A7F49DD0024C9
:10D01000A0460B94A146059ADFF84CB12223136079
:10D020004FF0000A0B9B002B3FF40BAE1A990598AA
:10D0300002F0B2FE0598494602F0AEFE0598414660
:10D0400002F0AAFE0B99059802F0A6FE059821466B
:10D0500002F0A2FEF5E5099AC5F125039342BCDB77
:10D060003F4CC5F10F0504EBC50152465B46D1E9C3
:10D070000001F3F7D1FA099B5D1B04EBC504D4E969
:10D0800000238FE71633A8DB0A9BA3EB0808344B79
:10D0900003EBC808D8E9002350465946F3F7E6FBEE
:10D0A00082E700232F4F2411504659461E46012C7B
:10D0B00021DC0BB182468B462A49ABF1547B01EB54
:10D0C000C60152465B46D1E90001F3F7A5FA264BAB
:10D0D0000A460B4025498B42824698D8A1F580111B
:10D0E0008B4286BFDFF888B04FF0FF3A02F1547BE5
:10D0F0000023089376E0E20704D5D7E90023F3F78D
:10D100008BFA0123013664100837D0E7F0D064426F
:10D1100014F00F020AD0124B03EBC20350465946DB
:10D12000D3E90023F3F7A2FB82468B462411DFD01C
:10D130001F2C1FDD0024A0460B94A146059A222334
:10D140004FF0000A4FF0000B13606BE70F18010857
:10D150002C1A010807180108EE180108EA1801083E
:10D16000B81A0108901A01080000F07F0000A07CA6
:10D17000FFFFEF7F14F0100318BF6A23A94E089336
:10D18000504659460023E70704D5D6E90023F3F7B4
:10D1900043FA0123641006F10806F4D10BB182466C
:10D1A0008B46089BB3B1CBF30A52C2F16B03002B41
:10D1B00059460FDD1F2B56DD342BDEBF4FF0FF33FA
:10D1C000C2F14B0293404FF0000ACCBF4FF05C7BA2
:10D1D00003EA010B0022002350465946F3F784FC72
:10D1E0000028A7D10B9B00930C9905982B464A4623
:10D1F00002F03AFE0B9000283FF409AF099A0A9B0F
:10D20000002AA3EB0803A8BF00231293002422EAFC
:10D21000E2731693A0460B9B0598596802F07CFDBB
:10D22000814600283FF4F7AE0B9B1A69023203F1E6
:10D230000C0192000C3001F08EFA4BEC10AB05980B
:10D240001CAA1BA9CDE90CAB03F042F91A900028E7
:10D250003FF4E1AE0598012102F09CFE804648B9FA
:10D260004FF00008D7E64FF0FF3202FA03F303EA6B
:10D270000A0AAFE71B9D1C9A002DABBF129B169BA1
:10D28000169E129FACBFEF185E1B089BED1A15444B
:10D29000654B013D9D42C2F1360250DA5B1B1F2BEC
:10D2A000A2EB03024FF001013DDC01FA03F31393FB
:10D2B00000231093BD18089BAF4216441E443B4602
:10D2C000A8BF2B46B342A8BF3346002BC2BFED1AFE
:10D2D000F61AFF1A129B002B16DD414605981A46D6
:10D2E00002F010FF80460028BAD001461A9A05982D
:10D2F00002F066FE0A9000283FF48DAE1A99059858
:10D3000002F04AFD0A9B1A93002D1DDC099B002B9D
:10D3100023DD4946169A059802F0F4FE8146E0B9ED
:10D320004FF0000977E6C5F17F4505F57F0505F566
:10D330007B45E23501FA05F310931391BAE7002318
:10D34000109301231393B5E71A9905982A4602F022
:10D3500033FF1A900028D9D15DE6002E07DD49463B
:10D360000598324602F028FF81460028D8D0002FC9
:10D3700008DD414605983A4602F01EFF8046002827
:10D380003FF449AE1A9905984A4602F09DFF0446BB
:10D3900000283FF440AEC3680F930023C3604146AA
:10D3A00002F076FF002845DA0F9B53EA0A036BD19F
:10D3B000CBF31303002B67D12BF000431B0D1B0590
:10D3C000B3F1D66F60D9636913B92369012B5BDDB3
:10D3D00021460122059802F0EFFE4146044602F084
:10D3E00057FF002850DD2BF00043089A1B0D1B054A
:10D3F000002A6AD0B3F1D66F67D8B3F15C7F7FF6AD
:10D400009DAE0A4B504659460022F3F705F9084BEA
:10D410000B4082468B46002B7FF408AE059A2223F0
:10D42000136003E6581A010802FCFFFF00005039A0
:10D430000000F07FCDF828B065D10F9ACBF313032D
:10D440005AB39F4A93422BD1089B514603B39D4B3D
:10D450005A461340B3F1D46F4FF0FF321BD81B0D67
:10D46000C3F16B0302FA03F3994219D1964B0A9A5E
:10D470009A4202D101313FF4CEAD924B0A9A1A4042
:10D4800002F5801B4FF0000A089B002BB9D1CDE5B7
:10D490004FF0FF33E8E71346E6E753EA0A03A2D06A
:10D4A000109BDBB10A9A1342EED00F9B089A5046AC
:10D4B0005946BBB1FFF76EFBDDE90C0153EC102BB5
:10D4C000F2F7F4FE82468B46DEE7A3F580136FEA9F
:10D4D000135B6FEA0B5B4FF0FF3AD5E7139B13EA40
:10D4E0000A0FE1E7FFF756FBDDE90C0153EC102BC7
:10D4F000F2F7DAFE0022002382468B46F3F7F4FAB5
:10D500000028C1D01AE64146204603F039F857EC0E
:10D51000106B00224FF0804330463946F3F7F8FA9B
:10D5200000286FD00F9B002B7AD1BAF1000F58D191
:10D530000A9BC3F31303002B5AD1644B00223046DD
:10D540003946F3F7DBFA002859D130463946604BAB
:10D550000022F3F761F806460F4607F100430696EE
:10D560000793DDE90623574DCDE910230A9B1D40A3
:10D57000584B9D4240F0B2800A9BA3F1547B4BEC88
:10D5800010AB02F035FFDDE9062351EC100BF3F789
:10D5900043F852465B46F2F789FE0B4649494E4A2C
:10D5A00019409142824642D90D9A474B9A4203D183
:10D5B0000C9B01333FF42FADDFF80CB14FF0FF3A75
:10D5C0001A99059802F0E8FB0598494602F0E4FB39
:10D5D0000598414602F0E0FB0598214602F0DCFB8D
:10D5E00019E6BAF1010F03D10A9B002B3FF4A6AD57
:10D5F0009FED2B7B354F8DED067B0026B1E7344F39
:10D600000026AAE7324B304639460022F3F704F8E9
:10D610000F9B06460F46002B9FD0CDE90667A0E77B
:10D620009FED217B8DED067B57EC176B99E703F19E
:10D63000547B089BCDF828B0002BC1D12BF00043C0
:10D640001B0D1B059D42BBD130463946F3F744FB09
:10D65000F2F7B4FF02460B4630463946F2F724FE95
:10D660000B460246CDE90C23CBF313060F9B46EA8B
:10D670000A061E436FD00EA3D3E90023F3F73EFA48
:10D6800000287FF4D3AC0CA3D3E90023DDE90C011F
:10D69000F3F752FA002893D0C8E400BFAFF300803C
:10D6A000000000000000F0BF000000000000F03F9C
:10D6B0009535A094FFFFDF3F35E5AF350000E03F33
:10D6C000FFFF0F000000F07FFFFFEF7F0000F03F43
:10D6D0000000E03F0000E07FFFFF9F7C089B23B33A
:10D6E000B5F1D46F21D828A3D3E9002330463946B9
:10D6F000F3F70EFAA0B139463046F3F765FA012880
:10D7000038BF0120F2F70EFF0F9B06460F46FBB90C
:10D7100001F1004314901593DDE91423CDE91023A2
:10D72000119B03F1D6635B1B11939DED0C0BDDE99F
:10D7300010AB02F05DFE504653EC102B5946F2F749
:10D740006BFFDDE90C23F2F7B1FD82468B4670E7F3
:10D75000CDE91467E0E70EA3D3E90023F3F7CEF990
:10D7600098E700230E93179A199B1360FFF76DBA81
:10D77000652A3FF468AB452A3FF465AB0123FFF708
:10D78000A0BB00BFAFF300800000C0FFFFFFDF4180
:10D790009535A094FFFFCF3F0A4601460248034B50
:10D7A0000068FFF715BA00BF24030020B80100206D
:10D7B0002DE9F041DFF8BC80294B0A462DED028BA4
:10D7C0000146D8F80000FFF703FA55EC104B22464B
:10D7D0002B4620462946F3F7B9F990B1002D214890
:10D7E00009DA00F0D1FFB1EE408AB0EE480ABDEC94
:10D7F000028BBDE8F081BDEC028BBDE8F04100F08A
:10D80000C3BF20462946F3F7FFF908EE100ADFED03
:10D81000167AB0EEC87AB4EE677AF1EE10FA11DD3E
:10D8200025F00047114B4FF0FF3220463946F3F701
:10D830008DF980B90D4B4FF0FF3220463946F3F792
:10D8400067F940B918EE103A13F0FF4FCDD1084BED
:10D850002B40002BC9D0D8F8003022221A60C4E730
:10D86000B8010020EA180108FFFF7F7FFFFFEF7F6C
:10D870000000F07F240300202DE9FF4757EC106BD8
:10D88000002F0C4619463B46BBBF07F100431F461D
:10D8900000232D230B700D9BDDF830A0914623F063
:10D8A0002008BCBF32461646B8F1460F05D0B8F185
:10D8B000450F00D10134022100E0032103AB0193A5
:10D8C00002AB009347EC106B5346224601F008F878
:10D8D000B8F1470F054619D119F0010F0ED000EB32
:10D8E00004090022002330463946F3F7FDF808B159
:10D8F000CDF80C903022039B4B451ED3039B0E9A10
:10D900005B1B2846136004B0BDE8F087B8F1460FF2
:10D9100000EB0409E5D10378302B0AD10022002363
:10D9200030463946F3F7E0F818B9C4F10104CAF8F3
:10D930000040DAF800309944D3E7591C03911A707B
:10D94000D9E7F7B50029BABF49422D232B2309296E
:10D950000270437029DD0DF107031D460A271A46A0
:10D96000B1FBF7F607FB1614303402F8014C0C46F5
:10D97000632C03F1FF333146F1DC3031941E03F8A0
:10D98000011C411C2346AB420AD30DF109039B1A2B
:10D99000AC4288BF002302330344181A03B0F0BD21
:10D9A00013F8016B01F8016FEDE73023303183701C
:10D9B000C170031DF1E700002DE9F04F8DB00C465A
:10D9C000DDF8588016461F46054600F04DFE0368F8
:10D9D00004931846F2F75CFC00230A93D8F8003051
:10D9E0000590073323F0070303F1080294F818A009
:10D9F000D4F800B0C8F80020D3E9008929F000432A
:10DA00000793CDF81880C4E91289DDE906019C4B23
:10DA10004FF0FF32F3F79AF870BBDDE90601984B3F
:10DA20004FF0FF32F3F774F830BB0022002340467A
:10DA30004946F3F763F810B12D2384F84330914A37
:10DA4000914BBAF1470F8CBF904698460323236150
:10DA50002BF0040323604FF00009009733460BAA14
:10DA60002146284600F0D2F9013040F08D804FF079
:10DA7000FF300DB0BDE8F08F42464B464046494668
:10DA8000F3F764F840B14B46002BBCBF2D2384F85C
:10DA900043307E4A7E4BD4E763680AF0DF02069289
:10DAA0005A1C3BD1062363604BF480620023226042
:10DAB00003930AABCDE901A309AB0093616849EC7C
:10DAC000108B0DF123032846FFF7D6FE069B09991C
:10DAD000472B804629D1C81C02DB6368994241DD8F
:10DAE000AAF1020A5FFA8AFA0139524604F150009B
:10DAF0000991FFF726FF0A9A1318012A814623612C
:10DB000002DC2268D20701D5013323619DF823305E
:10DB1000002BA2D02D2384F843309EE7069A472A93
:10DB2000C2D1002BC0D10123BDE7BAF1650FDBD90B
:10DB3000BAF1660F18D1002963680BDD216113B9B2
:10DB40002268D00702D501330B442361A1654FF051
:10DB50000009DBE713B92268D20701D50233F4E7E5
:10DB60000123F2E74FF0670A0A9B994205DB23681D
:10DB70002161D807EAD54B1CE7E70029D4BFC1F1E2
:10DB8000020201221344E0E723685A0507D42369FF
:10DB9000424631462846B84701302BD167E7BAF1F3
:10DBA000650F40F2DD80D4E9120100220023F2F774
:10DBB0009BFF002833D0374A012331462846B84717
:10DBC00001303FF454AFDDE90938434502DB2368F7
:10DBD000D8070FD5DDE9042331462846B847013080
:10DBE0003FF445AF4FF0000908F1FF3804F11A0A7D
:10DBF000C84509DC23689B0700F10381E0680B9BA3
:10DC00009842B8BF184634E70123524631462846A9
:10DC1000B84701303FF42BAF09F10109E8E7099B50
:10DC2000002B39DC1B4A012331462846B847013016
:10DC30003FF41DAFDDE9093959EA030302D1236836
:10DC4000D907D7D5DDE9042331462846B847013046
:10DC50003FF40DAF4FF0000A04F11A0B099B5B4231
:10DC6000534501DC4B4693E701235A46314628468B
:10DC7000B84701303FF4FBAE0AF1010AEEE700BFFE
:10DC8000FFFFEF7F06180108021801080E180108AF
:10DC90000A18010812180108A36DDDF828A05345E1
:10DCA000A8BF5346002B994636DC4FF0000B29EAFB
:10DCB000E97904F11A02A36D0693A3EB09035B450E
:10DCC00031DC099B9A453ADC2368DA0737D4099B93
:10DCD000AAEB0309069BAAEB03039945A8BF994643
:10DCE000B9F1000F33DC4FF0000829EAE97904F1BB
:10DCF0001A0B099BAAEB0303A3EB090343457FF728
:10DD000079AF01235A4631462846B84701303FF4DF
:10DD1000AEAE08F10108ECE7424631462846B84766
:10DD20000130C2D1A3E60123314628460692B84706
:10DD300001303FF49CAE069A0BF1010BBBE7DDE925
:10DD4000042331462846B8470130C0D18FE6069AF1
:10DD50004B46424431462846B8470130C3D186E697
:10DD6000DDF828A0BAF1010F01DCDB0736D501236D
:10DD7000424631462846B84701303FF478AEDDE9E7
:10DD8000042331462846B84701303FF470AED4E949
:10DD90001201002200230AF1FF3AF2F7A5FEC0B9F2
:10DDA000534608F1010231462846B84701300CD1EC
:10DDB0005DE601235A4631462846B84701303FF414
:10DDC00056AE08F10108D045F3DB4B4604F1500292
:10DDD000DFE64FF0000804F11A0BF4E70123424696
:10DDE000E1E701234A4631462846B84701303FF46F
:10DDF0003EAE08F10108E3680B995B1A4345F0DC7D
:10DE0000FCE64FF0000804F11909F4E72DE9F047AA
:10DE1000164698468A680B69DDF820909342B8BF91
:10DE20001346336091F8432007460C460AB101338C
:10DE300033602368990642BF336802333360256834
:10DE400015F0060506D104F1190AE36832689B1A39
:10DE5000AB4226DC94F843302268003B18BF012314
:10DE600092062BD404F1430241463846C84701309C
:10DE70001ED02368226903F00603042B02BFE56865
:10DE80003368ED1AA3680CBF25EAE57500259342B7
:10DE9000C4BF9B1AED1800261A34B5421AD10020CF
:10DEA00008E00123524641463846C847013003D1B5
:10DEB0004FF0FF30BDE8F0870135C6E7E1185A1C86
:10DEC000302081F84300224494F8451082F8431032
:10DED0000233C7E70123224641463846C84701308E
:10DEE000E6D00136D9E700002DE9FF470F7E0C9EF2
:10DEF000782F914680460C469A4601F1430207D896
:10DF0000622F0AD8002F00F0D180582F00F0B8807F
:10DF100004F1420684F842703AE0A7F16303152B3E
:10DF2000F6D801A151F823F081DF000895DF000841
:10DF300011DF000811DF000811DF000811DF000801
:10DF400095DF000811DF000811DF000811DF00086D
:10DF500011DF000893E00008BFDF00084DE0000873
:10DF600011DF000811DF0008B5E0000811DF00082C
:10DF7000BFDF000811DF000811DF000855E00008CE
:10DF800033681A1D1B68326004F1420684F842307F
:10DF900001239CE033682068191D3160060601D515
:10DFA0001D6803E04506FBD5B3F90050002D03DAE8
:10DFB0002D236D4284F8433058480A2311E021682C
:10DFC0003368080653F8045B02D4490648BFADB273
:10DFD0006F2F5248336014BF0A230823002184F8AE
:10DFE00043106668A660002E05DB21682E4321F0F1
:10DFF000040121604BD01646B5FBF3F103FB11572A
:10E00000C75D06F8017D2F46BB420D46F4D9082BAB
:10E010000BD12368DF0708D5236961689942DEBF09
:10E02000302306F8013C06F1FF36921B2261CDF841
:10E0300000A04B4603AA21464046FFF7E7FE013009
:10E040004AD14FF0FF3004B0BDE8F087236843F0B9
:10E05000200323603248782784F8457023683168AC
:10E060001F0651F8045B02D45F0648BFADB23160B1
:10E07000D90744BF43F0200323601DB11023ADE74F
:10E080002648E9E7236823F020032360F6E71646D5
:10E09000BDE7336825686169181D30602E061B686E
:10E0A00001D5196002E06806FBD5198000232361C1
:10E0B0001646BCE733681A1D32601E68626800218C
:10E0C0003046F2F795F808B1801B60606368236101
:10E0D000002384F84330AAE7236932464946404684
:10E0E000D0470130ADD023689B0713D4E068039B71
:10E0F0009842B8BF1846A6E7012332464946404633
:10E10000D04701309DD00135E36803995B1AAB42DB
:10E11000F2DCEBE7002504F11906F5E71418010815
:10E1200025180108002310B50446C0E90033C0E9F2
:10E130000433836081814366C2818361194608226A
:10E140005C3000F01BFA0D4B63620D4BA3620D4B6C
:10E15000E3620D4B23630D4B24629C4206D003F116
:10E160006802944202D0D0339C4205D104F1580099
:10E17000BDE8104000F0ECBA10BD00BFCDE30008D0
:10E18000EFE3000827E400084BE40008D822002051
:10E19000024A0349034800F069B800BFAC010020FF
:10E1A000C10C01082803002041680C4B994210B5AE
:10E1B000044601D002F084FDA168094B994202D0C7
:10E1C000204602F07DFDE168064B994204D02046CE
:10E1D000BDE8104002F074BD10BD00BFD822002081
:10E1E00040230020A823002010B50B4B0B4C0C4AF9
:10E1F0001A60204600220421FFF794FF04F1680012
:10E2000001220921FFF78EFF04F1D0000222BDE8B0
:10E2100010401221FFF786BF10240020D8220020D2
:10E2200091E10008014800F094BA00BF19240020D1
:10E23000014800F08FBA00BF1924002010B5044631
:10E24000FFF7F0FF236A1BB1BDE81040FFF7F0BFF6
:10E25000044B2362044B1B68002BF5D1FFF7C4FF6E
:10E26000F2E700BFA9E10008102400202DE9F843DF
:10E270000746884614460026D4E90195B9F10109FC
:10E2800005D52468002CF7D13046BDE8F883AB896A
:10E29000012B07D9B5F90E30013303D02946384692
:10E2A000C04706436835E9E70FB407B5064904AB34
:10E2B000086853F8042B8168019302F065FB03B0F2
:10E2C0005DF804EB04B0704724030020036A70B5C6
:10E2D000846805460E460BB9FFF7B0FF636EDB0797
:10E2E00005D4A389980502D4A06D00F032FAA38961
:10E2F000190702D52369002B35D12146284600F0A5
:10E30000E7F880B34FF0FF35636EDA0705D4A389D1
:10E310009B0502D4A06D00F01DFA284670BD002BAD
:10E3200004DAA2699A4217DC0A2915D023685A1C1C
:10E3300022601970A36816F8011F013BA360002931
:10E34000EDD1002B11DA22460A21284600F081F88F
:10E350000130D7D00A25D7E72246284600F079F8C1
:10E360000130E7D1CEE7013EE4E723685A1C226082
:10E370000A221A70EEE70000024B01461868FFF708
:10E38000A5BF00BF240300200EB410B59DB01FAB85
:10E39000029006906FF000410A48079104910A49E3
:10E3A00053F8042B0591002402A9006801931B94E3
:10E3B00002F0C4F9029B1C701DB0BDE8104003B010
:10E3C000704700BF240300200802FFFF10B50C4671
:10E3D000B1F90E1000F06EF90028ABBF636DA38990
:10E3E0001B1823F48053ACBF6365A38110BD2DE9D6
:10E3F000F0411F468B89DB0505460C46164605D5C0
:10E40000B1F90E100223002200F042F9A389B4F9F9
:10E410000E1023F48053A38132463B462846BDE8C4
:10E42000F04100F059B910B50C46B1F90E1000F0EA
:10E430002FF9431CA38915BF606523F4805343F46F
:10E440008053A38118BFA38110BDB1F90E1000F055
:10E450000FB9F8B50E461446054618B1036A0BB954
:10E46000FFF7ECFEA369A360A3891A0701D523690E
:10E4700043B92146284600F02BF818B14FF0FF377A
:10E480003846F8BD23682269981A6369F6B2834258
:10E49000374605DC2146284602F012FC0028EDD163
:10E4A000A368013BA36023685A1C22601E70626946
:10E4B000431C9A4204D0A389DB07E1D50A2EDFD1A1
:10E4C0002146284602F0FCFB0028D9D0D6E7000000
:10E4D00038B5294B054618680C4618B1036A0BB9C4
:10E4E000FFF7ACFEB4F90C30190722D4DA0607D4D2
:10E4F00009222A6043F04003A3814FF0FF3033E04C
:10E50000580712D5616B41B104F14403994202D01E
:10E51000284600F0B5FF00236363A38923F024039A
:10E52000A3810023636023692360A38943F0080368
:10E53000A38123694BB9A38903F42073B3F5007F4A
:10E5400003D02146284602F01BFCB4F90C3013F02E
:10E5500001020AD00022A26062695242A2612269CD
:10E5600042B913F08000C5D138BD990758BF626920
:10E57000A260F4E70020F7E72403002002440346EA
:10E58000934200D1704703F8011BF9E710B56AB157
:10E590000139841810F8012B11F8013F9A4203D178
:10E5A000A04201D0002AF5D1D01A10BD1046FCE7D8
:10E5B000164B2DE9F0411F687C6C05460E46ECB900
:10E5C000502001F0E1FA0246786420B9104B11485E
:10E5D0005B2100F0DFF8C0E90044C0E90244C0E973
:10E5E0000444C0E90A44C0E90C44C0E90E44C0E94F
:10E5F0001044C0E912448461047744627A6C314665
:10E6000028460123BDE8F04100F006B824030020AD
:10E61000361801084D180108F0B5044608B9146809
:10E6200044B1204614F8015B0F4617F8016B1EB980
:10E6300065B91560002005E0B542F6D1002BF0D198
:10E6400014600370F0BD1C460CE01DB9274614F899
:10E65000013B0E4616F8015BAB42F6D1002BF2D01F
:10E6600000233B701460EDE700487047A8020020CB
:10E6700038B5064D0023044608462B60F4F7FEFB30
:10E68000431C02D12B6803B1236038BD1424002041
:10E6900038B5074D04460846114600222A601A463E
:10E6A000F4F713FC431C02D12B6803B1236038BD7F
:10E6B0001424002038B5074D0446084611460022B0
:10E6C0002A601A46F4F7BDFB431C02D12B6803B144
:10E6D000236038BD1424002038B5074D0446084691
:10E6E000114600222A601A46F2F7AAFC431C02D106
:10E6F0002B6803B1236038BD14240020014B186837
:10E70000704700BF2403002070B50D4D0D4C641BF5
:10E71000A4100026A64209D10B4D0C4C02F0BAFF02
:10E72000641BA4100026A64205D170BD55F8043B19
:10E7300098470136EEE755F8043B98470136F2E773
:10E74000101D0108101D0108101D0108141D0108ED
:10E750007047704770470A44914200F1FF3300D17F
:10E76000704710B511F8014B03F8014F9142F9D1F0
:10E7700010BD0000000000009FED010B704700BFBE
:10E78000000000000000F87F9FED010A704700BF05
:10E790000000C07F1FB514461A46094B1B6805468A
:10E7A000D8684CB1074B0091CDE9013406492B469E
:10E7B00002F0AEFA02F06CFB044B1C46F3E700BF1C
:10E7C00024030020AF180108BC180108EA1801084A
:10E7D0002DE9F74F03690C69A34207467EDB013C34
:10E7E00001F11408A30000F11405009305EB840364
:10E7F000019358F8243055F8242001339A4208EB4D
:10E800008409B2FBF3F62ED34FF0000AC446AE469D
:10E81000D3465CF8043B98B206FB00A0020C1B0C2C
:10E8200006FB0323DEF8002080B292B2121A5A448B
:10E83000DEF800004FEA134A9BB2C3EB224303EB1E
:10E84000104392B242EA0342E1454EF8042B4FEAEC
:10E85000234BDED2009BEB582BB9019B043B9D421E
:10E860001A462FD33C61384601F012FD002825DB03
:10E870002946002058F8042BD1F800C01FFA82FE68
:10E880001FFA8CF3A3EB0E030344120CC2EB2342DA
:10E8900002EB1C429BB243EA0243C14541F8043BF0
:10E8A0004FEA2240E6D255F8242005EB840322B932
:10E8B000043B9D421A460BD33C610136304603B0FF
:10E8C000BDE8F08F1268043B002ACBD1013CC6E7BB
:10E8D0001268043B002AEFD1013CEAE70020EEE792
:10E8E0002DE9F04FC76997B08DED040B55EC104B37
:10E8F000209E079181460C9211937FB9102001F060
:10E9000043F90246C9F81C0020B9A94BEF21A948D8
:10E91000FFF740FFC0E901770760C760D9F81C30F6
:10E92000196859B15A684A60012393408B60484680
:10E9300001F032FAD9F81C3000221A602B1EB9BF40
:10E9400023F00043059300233360059F9A4BBCBF1F
:10E9500001223260BB4312D1119A42F20F7313604D
:10E96000C7F31303234300F05A85219BDFF85CA211
:10E97000002B00F05C850AF1030300F056BD9DED0D
:10E98000047B002251EC170B00238DED0A7BF2F77C
:10E99000ABF8804658B1119A01231360219B13B143
:10E9A000219A864B1360DFF828A200F040BD9DED50
:10E9B0000A0B14AA15A9484601F08AFDC7F30A56A6
:10E9C0000290002E78D00B9BCDF84880C3F3130340
:10E9D000DDE90A0143F07F5343F44013A6F2FF360A
:10E9E00019460022764BF1F75FFC6BA3D3E90023B5
:10E9F000F1F712FE6AA3D3E90023F1F757FC0446AE
:10EA000030460D46F1F79EFD67A3D3E90023F1F7E9
:10EA100003FE02460B4620462946F1F747FC044612
:10EA20000D46F2F7A9F800220746002320462946A2
:10EA3000F2F764F840B13846F1F784FD22462B46E0
:10EA4000F2F752F800B9013F162F52D85D4B03EB95
:10EA5000C703D3E90023DDE90A01F2F74FF80028E4
:10EA600049D0013F00231093149B9B1B5A1E45BFA6
:10EA7000C3F10103009300230023069254BF0093C7
:10EA80000693002F39DB069B0D973B44069300232A
:10EA90000893079B092B63D8052BC4BF043B07933E
:10EAA000079BA3F10203CCBF00240124032B63D8EE
:10EAB000DFE803F05254372BDDE914631E4406F2FD
:10EAC0003243202BC1BFC3F140039F4006F21243E3
:10EAD00024FA03F3D6BFC3F1200347EA030004FA84
:10EAE00003F0F1F71FFD0122A1F1F873013E12922C
:10EAF00076E70123B7E71090B6E7009BDB1B009396
:10EB00007B42089300230D93C3E7012309930C9BD9
:10EB100007EB030B0BF10103012B0393B8BF012398
:10EB200006E0012309930C9B002B28DD9B460393F1
:10EB3000D9F81C000021042202F114059D4226D9B7
:10EB40004160484601F0E8F88246002842D11E4B59
:10EB5000024640F2AF11DAE60023E3E70023D5E7EF
:10EB600001240023079309944FF0FF3B0022CDF8C6
:10EB70000CB012230C92DBE701230993F4E74FF06A
:10EB8000010BCDF80CB05B46CDF830B0D0E70131C9
:10EB90005200D1E7AFF3008061436F63A787D23F94
:10EBA000B3C8608B288AC63FFB799F501344D33F7C
:10EBB00036180108F81801080000F07F1318010842
:10EBC0000000F83FB81A010850190108F4180108AC
:10EBD00012180108D9F81C301860039B0E2B00F2A4
:10EBE000A180002C00F09E80002F33DD9C4B07F0AD
:10EBF0000F0203EBC20393ED007BF8058DED0E7B56
:10EC00004FEA271416D5974BDDE90A01D3E908230B
:10EC1000F1F72CFECDE9040104F00F040326914D19
:10EC200054B9DDE90E23DDE90401F1F71FFECDE95A
:10EC3000040128E00226F2E7E10708D5DDE90E012C
:10EC4000D5E90023F1F7E8FCCDE90E0101366410A7
:10EC50000835E5E700F0AF807C42814B814D04F040
:10EC60000F0203EBC203D3E90023DDE90A01F1F748
:10EC7000D3FCCDE90401241100230226002C40F02E
:10EC80008F80002BD3D1109BDDE90445002B00F0D1
:10EC90009480754B002220462946F1F72FFF00286B
:10ECA00000F08B80039B002B00F08780BBF1000FEE
:10ECB00034DD20466D4B00222946F1F7ADFCCDE94D
:10ECC000040107F1FF3801365C463046F1F73AFCA3
:10ECD000DDE90423F1F7A0FC654B0022F1F7E6FA29
:10ECE0000546A1F15076002C6AD1DDE90401614BA3
:10ECF0000022F1F7D9FA02460B46CDE904232A4651
:10ED00003346F1F719FF002840F09882DDE904014D
:10ED10002A4606F10043F1F7F1FE38BBDDE90A347B
:10ED2000CDE90434159B002BC0F257810E2F00F360
:10ED300054814B4B03EBC70393ED007B0C9B002BE3
:10ED40008DED007B80F2E580039B002B00F3E180DA
:10ED50000CD1484B002251EC170BF1F75DFCDDE9BB
:10ED60000423F1F7DFFE002800F066820024254628
:10ED70000C9B56466FEA030800272146484601F0DF
:10ED80000BF8002D00F0BD802FB1AF4203D0394603
:10ED9000484601F001F82946484600F0FDFFB0E082
:10EDA000E20705D5D5E90023F1F736FC013601234A
:10EDB0006410083562E7022665E7039CB84684E7DD
:10EDC000274B099903EBC40353E902235444002958
:10EDD00054D029490020F1F749FD33462A46F1F77E
:10EDE00063FACDE90E015646DDE90401F1F7C4FEF0
:10EDF0000546F1F7A7FB02460B46DDE90401F1F7F2
:10EE000053FA303502460B46CDE9042306F8015B80
:10EE1000DDE90E23F1F772FE002872D1DDE904234B
:10EE200011490020F1F740FADDE90E23F1F766FE03
:10EE3000002840F0B480A6423FF470AFDDE90E0137
:10EE40000A4B0022F1F7E8FB084BCDE90E01002246
:10EE5000DDE90401F1F7E0FBCDE90401C4E700BFFF
:10EE6000B81A0108901A01080000F03F0000244081
:10EE700000001C40000014400000E03F31462846DE
:10EE8000F1F7CAFBCDE90E0113945646DDE9040102
:10EE9000F1F772FE0546F1F755FB02460B46DDE938
:10EEA0000401F1F701FA303506F8015B02460B4622
:10EEB000A642CDE904234FF0000224D1AF4BDDE997
:10EEC0000E01F1F7F3F902460B46DDE90401F1F713
:10EED00033FE002863D1DDE90E23A8490020F1F7B5
:10EEE000E3F902460B46DDE90401F1F707FE0028CD
:10EEF0003FF414AF139E731E139316F8013C302B8E
:10EF0000F8D047463BE09E4BF1F786FBCDE9040184
:10EF1000BCE7DDE904455646DDE9002320462946E5
:10EF2000F1F7A4FCF1F728FE8046F1F70BFBDDE9D1
:10EF30000023F1F771FB02460B462046294608F1F3
:10EF40003004F1F7B1F906F8014B039DA6EB0A0472
:10EF5000A54202460B4633D1F1F7A8F9DDE90023BB
:10EF600004460D46F1F7E8FDC0B9DDE9002320466F
:10EF70002946F1F7B9FD10B118F0010F0ED1029931
:10EF8000484600F009FF00233370119B01371F60D2
:10EF9000219B002B00F04B821E6048E2B8463346AE
:10EFA0001E4613F8012D392A06D19A45F8D1302290
:10EFB00008F101088AF800201A7801321A70A0E7D7
:10EFC0006F4B0022F1F728FB0022002304460D4678
:10EFD000F1F78AFD00289FD0D1E7099A002A00F0B6
:10EFE000EA80079A012A00F3CD80129A002A00F0E5
:10EFF000C18003F23343089C009E009A1A44009299
:10F00000069A01211A444846069200F0C3FF0546BD
:10F0100066B1069B002B09DDB342009AA8BF3346B8
:10F02000D21A0092069AF61AD31A0693089B0BB3CB
:10F03000099B002B00F0C680002C00F0C080294600
:10F040002246484601F05EF8029A014605464846C7
:10F0500000F0B6FF02998046484600F09DFE089BEE
:10F060001B1B089300F0B180089A4146484601F006
:10F0700049F802900121484600F08CFF0D9B0446A0
:10F08000002B00F0D8811A460146484601F03AF8B4
:10F09000079B012B044600F39F80049B002B40F04C
:10F0A0009780059BC3F31303002B40F09380059BCF
:10F0B00023F000431B0D1B0533B1009B013300936C
:10F0C000069B01330693012308930D9B002B00F050
:10F0D000B881236904EB8303186900F00FFFC0F1C6
:10F0E0002000069B184410F01F0000F08280C0F141
:10F0F0002003042B73DD009BC0F11C00034400932C
:10F10000069B034406440693009B002B05DD0299F1
:10F110001A46484601F050F80290069B002B05DD88
:10F1200021461A46484601F047F80446109B002B3A
:10F1300061D00298214601F0ABF800285BDA002389
:10F1400002990A22484600F049FE099B029007F105
:10F15000FF38002B00F07781294600230A22484619
:10F1600000F03CFEBBF1000F05466FDC079B022B55
:10F1700049DC6BE0149BC3F136033CE70000E03F41
:10F1800000002440039B5C1E089BA34209DB1C1B60
:10F19000039B002BBFF630AF009B039A9E1A0023FF
:10F1A0002BE7089B0D9A0894E31A1A44009E039BD0
:10F1B0000D92002421E7089C009E099D28E7DDF8B8
:10F1C000088051E7089A029950E7CDF8088051E786
:10F1D000002379E7049B77E70023089379E793D02E
:10F1E000009A1C331A440092069A1A441E4406924E
:10F1F0008AE70346F4E7039B002BB84620DC9B46D6
:10F20000079B022B1EDDBBF1000F7FF4B1AD214641
:10F210005B460522484600F0E1FD0146044602989F
:10F2200001F036F800287FF7A3AD5646312306F8E3
:10F23000013B08F101089FE5039CB8462546F4E729
:10F24000DDF80CB0099B002B00F00181002E05DDDC
:10F2500029463246484600F0AFFF0546089B002B82
:10F260005CD06968484600F057FD064628B9824BD5
:10F27000024640F2EF21FFF74ABB2A6902329200B0
:10F2800005F10C010C30FFF766FA012231464846C1
:10F2900000F092FF0AF1010300930AEB0B030893BD
:10F2A000049B03F001032F4606930546009B02983A
:10F2B000214603F1FF3BFFF78BFA034630330390FF
:10F2C00039460298099300F0E3FF2A46049021464C
:10F2D000484600F0F9FFC268099B064602BB01469A
:10F2E000029800F0D5FF099B0246314648460C9231
:10F2F000099300F051FD079B0C9A009E42EA03011E
:10F30000069B1943099B0DD1392B27D0049A002A5B
:10F3100001DD039B31338BF800302EE52846B9E739
:10F320000122E2E70499002904DB079801430698CB
:10F33000014320D1002AEEDD0299009301224846C4
:10F3400000F03AFF2146029000F0A2FF0028009B47
:10F3500002DCE0D1DA07DED5392BDAD139238BF89C
:10F36000003033461E46013B16F8012C392A4ED098
:10F3700001321A7001E5002A03DD392BEED001338A
:10F38000C9E7009A089902F8013C8A4228D00299FC
:10F3900000230A22484600F021FDAF4202904FF0C0
:10F3A00000034FF00A023946484607D100F016FD27
:10F3B00007460546009B0133009377E700F00EFDFA
:10F3C0002946074600230A22484600F007FD054665
:10F3D000F0E7BBF1000FCCBF5E4601265644002784
:10F3E000029900930122484600F0E6FE2146029071
:10F3F00000F04EFF0028B4DC02D1009BDB07B0D444
:10F4000033461E4613F8012D302AFAD0B5E49A454A
:10F41000A8D1312308F101088AF80030ADE4219B1E
:10F42000DFF858A01BB10AF10803219A1360504677
:10F4300017B0BDE8F08F079B012B7FF72EAE0D9B19
:10F44000089301204DE6BBF1000F7FF7D9AE564679
:10F4500002982146FFF7BCF900F1300306F8013BA2
:10F46000A6EB0A029345B4DD029900230A2248461E
:10F4700000F0B4FC0290EBE750190108EB1801080A
:10F4800038B50546002941D051F8043C0C1F002B2B
:10F49000B8BFE41800F034FC1D4A136833B9636048
:10F4A00014602846BDE8384000F030BCA34208D9BB
:10F4B000206821188B4201BF19685B680918216018
:10F4C000EDE71A465B680BB1A342FAD911685018F0
:10F4D000A0420BD120680144501883421160E0D152
:10F4E00018685B68536008441060DAE702D90C239F
:10F4F0002B60D6E7206821188B4204BF19685B682F
:10F50000636004BF091821605460CAE738BD00BFBA
:10F51000202400200369B3EB611F2DE9F0434FEA7B
:10F52000611200F1140445DD11F01F0104EB8306A4
:10F5300004EB82050CD100F110072946B14234D307
:10F540009B1A9B00EA1E964238BF0023234415E015
:10F5500054F82270C1F12008CF4005F1040EA146F5
:10F560007645F44615D89A1A9200043A0135AE420F
:10F5700038BF0022A318A75007B104331A1BA342B7
:10F580004FEAA20208BF0023026108BF4361BDE841
:10F59000F083DCF800C00CFA08FC4CEA070749F8D5
:10F5A000047B5EF8047BCF40DAE751F804CB47F8E0
:10F5B00004CFC3E72346E1E7A0F13003092B02D8CB
:10F5C0002038C0B27047A0F16103052B01D847383D
:10F5D000F7E7A0F14103052B01D82738F1E7002018
:10F5E000704700002DE9F04F85B08A4602930B6802
:10F5F000019090469C1CA14614F8010B3028FAD0CB
:10F60000A9EB0303A3F1020BFFF7D6FF0546002881
:10F6100068D1A04901224846FEF7B8FF07460028F6
:10F6200067D199F801002646FFF7C6FF002862D08F
:10F63000234618783028994603F10103F9D0FFF7E3
:10F64000BBFFB0FA80F56D094FF0010B4A46164634
:10F6500001323078FFF7B0FF0028F8D18D49012240
:10F660003046FEF793FF00283FD144B9741C224670
:10F67000164601323078FFF79FFF0028F8D1A41B0F
:10F68000A700337803F0DF03502B3ED173782B2B88
:10F6900033D02D2B34D0711C00240878FFF78CFF59
:10F6A000431EDBB2182B30D8A0F1100211F8010F65
:10F6B000FFF782FF00F1FF3C5FFA8CFCBCF1180FF2
:10F6C0004FF00A031ED904B152421744CAF8001081
:10F6D000EDB1BBF1000F0CBF06250025284605B093
:10F6E000BDE8F08F00252C46B0E7002CC7D1274697
:10F6F000C7E74E462F460125C3E70024B11CCCE7DF
:10F700000124FBE703FB0200CEE73146DEE7A6EB70
:10F710000903013B2946072B0ADC019800F0FCFA9B
:10F72000044640B95C4B0246E4215C48FFF732F8DE
:10F7300001315B10EFE700F1140A002355469B46A8
:10F74000B14537D345F804BBA5EB0A05AD102561DB
:10F75000584600F0D3FB6D01D8F800602D1AB54271
:10F7600054DDAD1B2946204600F05FFF814678B18D
:10F770006B1E591103F01F025AF821104FF00109B6
:10F7800009FA02F20A4203D04B4536DC4FF0020977
:10F7900029462046FFF7BEFE2F44D8F80830BB426A
:10F7A00042DA0198214600F0F7FA0E9A002313601E
:10F7B000A32593E716F8012D2E2A12D0202B04D171
:10F7C00045F804BB4FF0000B5B4630780393FFF71E
:10F7D000F3FE039B00F00F0098404BEA000B04334C
:10F7E000AEE7B145EAD82B49039301223046FEF734
:10F7F000CDFE039B0028E1D1A2E7A91E204600F020
:10F8000014FF0028C2D04FF00309C1E709DA751BC5
:10F81000214601982A4600F0CFFC7F1B044600F1E8
:10F82000140A4FF00009B8E7D8F80450BD426FDD64
:10F83000ED1BAE4234DCD8F80C30022B22D0032B67
:10F8400024D0012B15D1AE4213D1012E0BD1029A37
:10F85000D8F80430136001232361CAF800300E9BEE
:10F8600062251C603AE7711E204600F0DEFE00288B
:10F87000EDD10198214600F08FFA0E9A0023136013
:10F8800050252BE70F9B002BF3D1E0E70F9B002BBC
:10F89000DDD1EEE7001801085019010861190108CF
:10F8A0006F1EB9F1000F30D127B13946204600F064
:10F8B000BCFE81467A1101235AF8222007F01F0767
:10F8C000BB4013422946204618BF49F00209FFF702
:10F8D00021FED8F80470761B0225B9F1000F47D03D
:10F8E000D8F80C30022B15D0032B17D0012B09D1DF
:10F8F00019F0020F06D0DAF8003049EA030919F0CE
:10F90000010F0ED145F0100532E04FF00109D1E7AB
:10F910000125E2E70F9BC3F101030F930F9B002B1F
:10F92000F0D0D4F810B004F114034FEA8B0A03EBC3
:10F930008B014FF0000C184653F8042BB2F1FF3F37
:10F940001BD001320260022D04F114033CD1D8F81F
:10F950000020013AB24209D17111012253F821303D
:10F9600006F01F0602FA06F61E423AD145F02005BF
:10F970000E9B1C60029B1F60B0E6994243F804CCCA
:10F98000D9D8A3689B4517DB61680198013100F065
:10F99000C3F9814618B91A4B02468421C5E622698B
:10F9A000023204F10C0192000C30FEF7D4FE214625
:10F9B000019800F0F1F94C4623695A1C04EB8303CB
:10F9C000226101225A61BEE722695A450BDD0121FD
:10F9D0002046FFF79FFDD8F808300137BB42FFF6FD
:10F9E000E0AE0125C2E716F01F06FAD05344C6F177
:10F9F000200653F8040C00F081FAB042E7DBF0E790
:10FA000050190108C2F10802920070B5C2F1200637
:10FA10004368046803FA06F52C43D340046040F8B9
:10FA2000043F8842F4D370BD30B50368013311F848
:10FA3000014B14B90360012030BD13F8012BA2F172
:10FA40004105192D98BF2032A242F0D00020F3E7E3
:10FA50002DE9F04F0B6801685E1102EB860613F08A
:10FA60001F0387B018BF04360025371F8246904613
:10FA7000019346F8045CB9463C460295AB464A7889
:10FA80004B1C039342B3104605910492FFF794FD7B
:10FA9000002851D1049A0599202A18D8029B9B4529
:10FAA00013DD4C4506D2072D04DC2A464946204684
:10FAB000FFF7A8FF444552D90023A4F1040944F8F4
:10FAC000043CCDF808B04C461D460399D7E7292AD7
:10FAD00057D10231CAF80010BBF1000F51D04C458C
:10FAE00006D2072D04DC2A4649462046FFF78AFF46
:10FAF000444536D9A8F10402234653F8041B42F8C2
:10FB0000041F9F42F9D23B1B23F00303043301344B
:10FB1000033EB44288BF04234344002243F8042B2D
:10FB20009F42FBD23B681BB9474528D101233B606C
:10FB3000052007B0BDE8F08F0135082D0BF1010B52
:10FB400006DD4445C1D9002344F8043C0125043CAA
:10FB5000226800F00F0040EA02102060B5E7082597
:10FB6000B3E7019B002BDDD0C3F120034FF0FF3240
:10FB7000DA4056F8043C134046F8043CD2E7043F10
:10FB8000D0E70420D5E70000024B0146186800F0DA
:10FB900025B800BF2403002070B50F4E0C46316815
:10FBA000054611B901F064F930602146284601F09C
:10FBB0005FF9431C03D14FF0FF34204670BDC41CD5
:10FBC00024F00304A042F8D0211A284601F050F98D
:10FBD0000130F2D1EFE700BF1C2400202DE9F843EB
:10FBE000CD1C25F0030508350C2D38BF0C25002D44
:10FBF000064601DBA94204D90C2333600020BDE88E
:10FC0000F883DFF8D48000F07BF8D8F800301C4689
:10FC100044BB29463046FFF7BFFF431C044658D17A
:10FC2000D8F800402746002F43D1002C4BD0236842
:10FC30003946304604EB030901F01AF9814542D1F7
:10FC400021686D1A29463046FFF7A6FF01303AD0E9
:10FC500023682B442360D8F800305A6862BBC8F888
:10FC600000700FE02268521B20D40B2A17D96119AB
:10FC7000A342256018BF5960636808BFC8F8001028
:10FC800062514B60304600F041F804F10B00231D37
:10FC900020F00700C21A1CBF1B1AA350AFE762680E
:10FCA000A3420CBFC8F800205A60EBE72346646803
:10FCB000AEE73C467F68B6E71A465B68A342FBD1D5
:10FCC00000235360DEE70C233360304600F01EF85B
:10FCD00094E70560D6E700BF2024002082B001B978
:10FCE00001A942B14BB113780B601278101E18BFF6
:10FCF000012002B070471046FBE76FF00100F8E703
:10FD00000148FEF726BD00BF182400200148FEF779
:10FD100021BD00BF1824002070B5C66904460D46F9
:10FD200076B91020FFF730FF0246E06120B9184B8A
:10FD300018486B21FEF72EFDC0E901660660C6601B
:10FD4000E669F36883B1E369DB6853F82500B8B965
:10FD5000012101FA05F6721D9200204601F09FF87C
:10FD600060B1C0E901560EE021220421204601F0D5
:10FD700096F8E369F060DB68002BE4D1002070BDE9
:10FD8000026843F825200023C0E90333F7E700BFEA
:10FD900036180108C119010870B5C66905460C4638
:10FDA00076B91020FFF7F0FE0246E86120B9094B52
:10FDB00009488F21FEF7EEFCC0E901660660C660C7
:10FDC0003CB1EB696268DB6853F82210216043F8AC
:10FDD000224070BD36180108C11901082DE9F04113
:10FDE0000D6907460C461E4601F1140C0020DCF894
:10FDF000003099B202FB01611E0C0B0C02FB0633B2
:10FE000089B2013001EB034185424CF8041B4FEAF3
:10FE10001346ECDC0EB3A368AB4219DC61683846CC
:10FE20000131FFF779FF804628B902460C4B0D4897
:10FE3000BA21FEF7AFFC2269023204F10C019200F4
:10FE40000C30FEF788FC21463846FFF7A5FF4446F4
:10FE500004EB850301355E6125612046BDE8F08134
:10FE600050190108C11901082DE9F8430C4615463F
:10FE70001F4609220833064693FBF2F300210122B4
:10FE80009A4209DB3046FFF747FF40B90246194B5B
:10FE90001948D321FEF77EFC52000131F0E7089BA0
:10FEA0004361092D4FF00103036116DD04F10909D7
:10FEB000C8462C4418F8013B0146303B0A22304624
:10FEC000FFF78CFFA045F5D1A5F108044C442D1B8C
:10FED0006319BB4204DBBDE8F8830A340925F6E761
:10FEE00014F8013B0146303B0A223046FFF776FF0B
:10FEF000EEE700BF50190108C1190108B0F5803FB5
:10FF0000034636BF030400201020B3F1807F3CBFBE
:10FF10001B020830B3F1805F3CBF1B010430B3F11A
:10FF2000804F3CBF9B000230002B05DB13F0804F5D
:10FF300000F1010008BF202070470368024613F05B
:10FF400007000BD0D90721D4980749BF5B089B084D
:10FF5000012013605CBF13600220704799B209B999
:10FF60001B0C1020D9B209B908301B0A190704BFAD
:10FF70001B090430990704BF9B080230D90703D43A
:10FF80005B0800F1010003D0136070470020704748
:10FF90002020704710B50C460121FFF7BDFE024638
:10FFA00028B9054B054840F24511FEF7F3FB012344
:10FFB0004461036110BD00BF50190108C119010857
:10FFC0002DE9F04F17460A693B699A42A8BF3B46A4
:10FFD0008946A4BF0F4699463D69D9F810A0BB6871
:10FFE000796805EB0A06B34285B0B8BF0131FFF767
:10FFF00093FE30B90246414B41484FF4B171FEF7D0
:020000040801F1
:10000000C9FB00F1140404EB860E2346002273455D
:1000100020D307F1140809F1140108EB850501EB61
:100020008A030293EB1B153B23F0030304331537BC
:10003000BD4238BF04230193029B03918B420CD82D
:10004000002E03DD5EF8043D002B55D0066105B09F
:10005000BDE8F08F43F8042BD9E7B1F800A0BAF15E
:10006000000F1FD0C446A14600275CF8042BD9F826
:1000700000301FFA82FB9BB20AFB0B333B44D9F8DA
:100080000070120C3F0C0AFB027202EB13429BB28F
:1000900043EA0243654549F8043B4FEA1247E4D876
:1000A000019BE750039BB3F802900431B9F1000FB4
:1000B00020D023684746A4464FF0000AB7F800B0A6
:1000C000BCF8022009FB0B2252449BB243EA0243D4
:1000D0004CF8043B57F8043B4FEA134ABCF8003095
:1000E00009FB0A3303EB1243BD424FEA134AE5D83A
:1000F000019AA35004349FE7013EA1E7501901087B
:10010000C11901082DE9F843154612F0030207460C
:100110000E4607D0254C013A002354F82220FFF761
:100120005DFE0646AD103DD0FC697CB91020FFF79E
:100130002BFD0246F86128B91D4B1E4840F2B31151
:10014000FEF728FBC0E901440460C460D7F81C80B6
:10015000D8F808404CB940F271213846FFF71AFF31
:100160000023C8F80800044603604FF00009EB07BD
:100170000AD5314622463846FFF722FF31468046EF
:100180003846FFF709FE46466D100BD0206838B997
:10019000224621463846FFF713FF2060C0F8009042
:1001A0000446E4E73046BDE8F88300BF801A010842
:1001B00036180108C11901082DE9F0470C464968B5
:1001C000236903EB6218A368074691464FEA621A57
:1001D00008F10106B3420BDB3846FFF79DFD0546EB
:1001E00048B90246284B29484FF4EF71FEF7D2FA7E
:1001F00001315B00EEE7002300F1140100F1100271
:100200001846534533DB20692AEAEA7A04F11403DD
:1002100019F01F0901EB8A0103EB800C2BD0C9F107
:10022000200E8A460022186800FA09F010434AF8A6
:10023000040B53F8042B9C4522FA0EF2F3D8ACEBD6
:100240000403153B23F00303043304F11500604558
:1002500088BF0423CA500AB108F10206013E38469D
:100260002E612146FFF798FD2846BDE8F08742F849
:10027000040F0133C5E7043953F8042B41F8042F68
:100280009C45F9D8EAE700BF50190108C1190108D7
:100290000A6903460069801A30B50ED1143314314F
:1002A00003EB820401EB820154F8045D51F8042D44
:1002B000954203D005D24FF0FF3030BDA342F3D3B7
:1002C000FBE70120F9E700002DE9F74F89460646D4
:1002D000114648461446FFF7DBFF051E12D129469A
:1002E0003046FFF719FD024628B93F4B40F237214F
:1002F0003E48FEF74FFA0123C0E90435104603B02B
:10030000BDE8F08FBCBF4B46A1463046D9F804107B
:10031000BABF1C4601250025FFF7FEFC024618B9AE
:10032000314B40F24521E3E7D9F810702669C560EA
:1003300009F1100309F1140504F1140E00F1140B76
:1003400005EB87080EEB86060193D9464FF0000CAB
:10035000019B5EF8040B53F804AF01931FFA8AF374
:10036000194683B2CB1A000C6344C0EB1A4000EB71
:1003700023409BB243EA0043764549F8043B4FEAE9
:10038000204CE5D8331B153B23F00303153404330D
:10039000A64238BF04231D445B441E462C464445F8
:1003A0000ED308F10301491B21F00301033DA845C9
:1003B00038BF00210B4453F8041D91B117619DE72C
:1003C00054F8041BE646080C1CFA81FC714400EB4F
:1003D0002C4089B241EA004146F8041B4FEA204C08
:1003E000DDE7013FE7E700BF50190108C119010827
:1003F00082B08DED000B019A0F4B1340A3F15073A7
:10040000002B08DC5B42B3F1A07F4FEA235204DAF1
:100410004FF400231341002208E0A2F114031E2B25
:10042000DABF4FF00042DA4001220023194610469D
:1004300041EC100B02B070470000F07F2DE9F04155
:10044000066900F1140808EB8606371F56F8042CDD
:100450001046FFF753FDC0F120030A280B601B492B
:1004600015DCC0F10B0C22FA0CF3B84543EA010588
:1004700034BF56F8083C0023153002FA00F023FA86
:100480000CF303431C4645EC104BBDE8F081B84526
:100490003ABF56F8083CA6F1080700230B3812D0E3
:1004A000C0F1200123FA01F482402243474542F083
:1004B0007F558CBF57F8042C00228340CA4045F476
:1004C00040151343DEE742EA0105DBE70000F03F99
:1004D0002DE9F7430F46012159EC108B1646FFF723
:1004E0001BFC044630B90246234B244840F20F312E
:1004F000FEF750F9C9F30A55C9F313030DB143F4DC
:1005000080130193B8F1000323D068460093FFF7EE
:1005100014FDDDE90012D0B1C0F1200302FA03F3AB
:100520000B43C24063610192019BA361002B0CBF8E
:10053000012202222261A5B1A5F2334505443D60A6
:10054000C0F135003060204603B0BDE8F083616142
:10055000EAE701A8FFF7F1FC019B6361203001226B
:10056000E8E704EB8203A0F2324038601869FFF735
:10057000C5FCC0EB4210E5E750190108C11901089C
:100580002DE9F04F85B0CDE9001002A9FFF756FF25
:10059000009803A955EC104BFFF750FF019B196918
:1005A000009B1B69C91ADDE902329B1A5BEC10AB98
:1005B00003EB4113002BCEBF2A46C3EB03335A464D
:1005C0002F46D946CCBF02EB035702EB03594B46EB
:1005D000524620463946F0F749F941EC100B05B078
:1005E000BDE8F08F013970B549111469013102F18C
:1005F000140300EB810103EB8404051FA3420CD319
:10060000A31A113B23F003031132A24288BF002337
:1006100018440023884205D370BD53F8046B45F895
:10062000046FEBE740F8043BF4E700F114020069C3
:100630004B11984210B511DB0ADD11F01F0107D0F4
:1006400052F8234024FA01F000FA01F18C420BD158
:1006500002EB8303934203D8002010BD0346F7E763
:1006600053F8041D0029F5D00120F6E7034608469B
:1006700041B1FF2A04D98A221A604FF0FF30704737
:100680000A70012070472DE9F0478E681F46BE4270
:100690000B6882460C4690462DD8B1F90C2012F416
:1006A000906F26D06569096905EB4505A3EB010943
:1006B00005EBD5757B1C4B446D109D4238BF1D4624
:1006C000530527D52946FFF789FA064660B3216905
:1006D0004A46FEF740F8A38923F4906343F0800371
:1006E000A381266165614E44A5EB09052660A560DE
:1006F0003E46BE4200D93E4620683246414600F0A2
:100700007BFBA3689B1BA36023683344236000200A
:10071000BDE8F0872A4600F0D6FB06460028E0D167
:1007200021695046FEF7ACFE0C23CAF80030A389BD
:1007300043F04003A3814FF0FF30E9E72DE9F04F8C
:1007400098468B891B069DB007460D46144610D56A
:100750000B6973B94021FFF741FA2860286130B96D
:100760000C233B604FF0FF301DB0BDE8F08F4023FD
:100770006B610023099320238DF82930CDF80C807C
:100780003023DFF89C818DF82A304FF00109234691
:100790009A4613F8012B0AB1252AF9D1BAEB040BBA
:1007A0000BD05B46224629463846FFF76CFF0130E6
:1007B00000F0A780099A5A4409929AF80030002B59
:1007C00000F09F8000234FF0FF32CDE905230AF1AE
:1007D000010A049307938DF853301A935446052267
:1007E00014F8011B4E48EFF703FD049AD8B9D00660
:1007F00044BF20238DF85330110744BF2B238DF8BD
:1008000053309AF800302A2B15D0079A544600200E
:100810004FF00A0C214611F8013B303B092B4BD914
:10082000B0B1079214E0A0EB080309FA03F31343F5
:100830000493A246D2E7039B191D1B680391002B6A
:10084000BBBF5B4242F0020207930793B8BF04921A
:1008500023782E2B0AD163782A2B32D1039B1A1DC1
:100860001B68039243EAE37302340593DFF8C0A0E8
:10087000217803225046EFF7BBFC38B1049BA0EB74
:100880000A004022824013430134049314F8011BF0
:1008900024488DF828100622EFF7AAFC002836D04D
:1008A000214B1BBB039B073323F007030833039340
:1008B000099B334409936AE70CFB02320C46012082
:1008C000A8E700230134059319464FF00A0C20468F
:1008D00010F8012B303A092A03D9002BC6D0059114
:1008E000C4E70CFB012104460123F0E703AB0093AE
:1008F0002A460E4B04A93846FDF75EF8421C064610
:10090000D6D1AB895B063FF52DAF09982CE703AB39
:1009100000932A46054B04A93846FDF7E5FAEDE7B2
:100920001A1A0108241A0108B9D900088706010813
:10093000201A01089368013B002B10B4936008DA79
:100940009469A34201DB0A2903D15DF8044BFDF74A
:1009500080BD1368581C1060197008465DF8044B80
:100960007047F8B506460F461446D518AC4201D17B
:10097000002007E014F8011B3A463046FFF7DAFF83
:10098000431CF3D1F8BD00002DE9F04F0D469DB09A
:1009900014469846064618B1036A0BB9FDF74EFC9B
:1009A0006B6ED90705D4AB899A0502D4A86DFDF703
:1009B000D0FEAB891B0701D52B699BB92946304670
:1009C000FDF786FD70B16B6EDC0704D54FF0FF308C
:1009D0001DB0BDE8F08FAB899805F7D4A86DFDF781
:1009E000B9FEF3E70023099320238DF82930CDF8D1
:1009F0000C803023DFF8AC818DF82A304FF00109EC
:100A000023469A4613F8012B0AB1252AF9D1BAEBED
:100A1000040B0BD05B46224629463046FFF7A1FF68
:100A2000013000F0A780099A5A4409929AF80030E0
:100A3000002B00F09F8000234FF0FF32CDE905230B
:100A40000AF1010A049307938DF853301A93544620
:100A5000052214F8011B5348EFF7CAFB049AD8B9D2
:100A6000D10644BF20238DF85330130744BF2B23F6
:100A70008DF853309AF800302A2B15D0079A544637
:100A800000204FF00A0C214611F8013B303B092BA6
:100A90004BD9B0B1079214E0A0EB080309FA03F3B5
:100AA00013430493A246D2E7039B191D1B680391CD
:100AB000002BBBBF5B4242F0020207930793B8BF13
:100AC000049223782E2B0AD163782A2B32D1039BF0
:100AD0001A1D1B68039243EAE37302340593DFF89F
:100AE000D4A0217803225046EFF782FB38B1049B53
:100AF000A0EB0A004022824013430134049314F80F
:100B0000011B29488DF828100622EFF771FB0028F9
:100B10003FD0264B1BBB039B073323F0070308334F
:100B20000393099B3B4409936AE70CFB02320C4692
:100B30000120A8E700230134059319464FF00A0C61
:100B4000204610F8012B303A092A03D9002BC6D0D1
:100B50000591C4E70CFB012104460123F0E703AB38
:100B600000932A46124B04A93046FCF725FF07469E
:100B7000781CD6D16B6ED90705D4AB899A0502D4FF
:100B8000A86DFDF7E7FDAB895B063FF51FAF099840
:100B90001EE703AB00932A46054B04A93046FDF738
:100BA000A3F9E4E71A1A0108241A0108B9D90008C0
:100BB00063090108201A0108B1F90C202DE9F04160
:100BC000160705460C4654D44B68002B02DC0B6C10
:100BD000002B48DDE66A002E45D0002312F4805237
:100BE0002F68216A2B6030D0626DA389590705D523
:100BF0006368D21A636B0BB1236CD21A0023E66AC6
:100C0000216A2846B047431CA38906D129681D29BB
:100C10002BD82A4ACA40D60727D500226260D904B9
:100C20002269226004D5421C01D12B6803B960659A
:100C3000616B2F60B9B104F14403994202D0284698
:100C4000FEF71EFC002363630DE001232846B04736
:100C50000246501CC9D12B68002BC6D01D2B01D0D9
:100C6000162B1ED12F60002022E043F040031BB260
:100C70001BE00F69002FF6D093070E6808BF4B6981
:100C80000F6018BF0023A6EB07088B60B8F1000FB8
:100C9000E9DD216AA66A43463A462846B04700285D
:100CA00008DCB4F90C3043F04003A3814FF0FF306F
:100CB000BDE8F0810744A8EB0008E7E70100402009
:100CC00038B50B6905460C4613B90025284638BDD2
:100CD00018B1036A0BB9FDF7B1FAB4F90C30002B67
:100CE000F3D0626ED00704D4990502D4A06DFDF74D
:100CF00030FD28462146FFF75FFF636EDA070546A1
:100D0000E4D4A3899B05E1D4A06DFDF723FDDDE7C5
:100D10000EB403B5014603AB054853F8042B006835
:100D20000193FFF731FE02B05DF804EB03B07047AA
:100D30002403002070B50C46B1F90E10002996B0BE
:100D400015461E460DDAA38913F0800F4FF00001FF
:100D500014BF40234FF48063002031602B6016B035
:100D600070BD6A4600F062F80028ECDB019901F4DE
:100D70007041A1F50053594259414FF48063EBE7AC
:100D80008B89F7B59D0706460C4607D504F1470346
:100D9000236023610123636103B0F0BD01AB6A46A8
:100DA000FFF7C8FF009F054639463046FEF716FF9D
:100DB00048B9B4F90C309A05EED423F0030343F09C
:100DC0000203A381E2E7A389206043F08003A381AB
:100DD000019BC4E904075BB1B4F90E10304600F082
:100DE00037F828B1A38923F0030343F00103A3815B
:100DF000A3891D43A581CFE7884210B501EB02040A
:100E000002D98442234607D8431EA14208D011F8D4
:100E1000012B03F8012FF8E7024401468A4200D172
:100E200010BD13F8014D02F8014DF7E738B5074D35
:100E300000230446084611462B60F2F72BF8431CAA
:100E400002D12B6803B1236038BD00BF14240020F9
:100E500038B5064D0023044608462B60F2F72AF801
:100E6000431C02D12B6803B1236038BD1424002039
:100E700038B5064D0023044608462B60F2F732F8D9
:100E8000431C02D12B6803B1236038BD1424002019
:100E900008B5062000F06EF80120F1F7C7FF70B525
:100EA000A1FB025434B92946FEF798FE064628B93C
:100EB000304670BD0C2202600026F9E72A46214622
:100EC000FDF75CFBF4E72DE9F041074614460D46BB
:100ED00021B9BDE8F0411146FEF780BE2AB9FEF700
:100EE000CFFA25462846BDE8F08100F05FF884423D
:100EF000064602D8B4EB500FF4D821463846FEF728
:100F00006DFE804608B94546ECE7B44222462946C4
:100F100028BF3246FDF71FFC29463846FEF7B0FAD7
:100F2000F1E71F2938B505460C4604D9162303609E
:100F30004FF0FF3038BDC26B12B152F821304BB9BF
:100F4000284600F031F8224601462846BDE83840E0
:100F500000F018B8012B0AD0591C03D116230360E6
:100F60000120E7E7002142F824102046984700209E
:100F7000E0E70000024B01461868FFF7D2BF00BF50
:100F80002403002038B5074D0023044608461146C7
:100F90002B60F1F73BFF431C02D12B6803B12360A8
:100FA00038BD00BF14240020F1F728BF51F8043CDD
:100FB000181F002BBCBF0B58C018704700F0A4BA14
:100FC00038B52DED028B55EC104B00F0C5F92246DB
:100FD0002B4620462946B0EE408AF0EE608AEFF7B5
:100FE000B5FD90B90022002320462946EFF786FD83
:100FF00058B1FDF783FB2123036000220023104634
:101000001946EFF733FC41EC180BB0EE480AF0EE4E
:10101000680ABDEC028B38BD2DE9F84F55EC104B3A
:10102000BF4B25F000469E42AB4618D9BD4B9E42B1
:1010300001D809D144B122462B4620462946EFF774
:1010400035F904460D4606E0BBF1000F40F32B8155
:1010500097A5D5E9004545EC104BBDE8F88FB24B9C
:101060009E4213D8A3F1DE739E420CD892A3D3E91B
:10107000002320462946EFF719F9AC4B0022EFF781
:101080005BFD0028E7D14FF0FF3A29E000F05CF962
:10109000A74B9E4255EC104B00F2BC80A3F55023A9
:1010A0009E4200F29E8022462B4620462946EFF7BC
:1010B000FDF89E4B0022EFF7F7F8002206460F4698
:1010C0004FF0804320462946EFF7F0F802460B46E2
:1010D00030463946EFF7CAFB4FF0000A04460D468A
:1010E00022462B4620462946EFF796FA02460B4643
:1010F00080468946EFF790FA71A3D3E900230646AC
:101100000F46EFF789FA70A3D3E90023EFF7CEF883
:1011100032463B46EFF780FA6DA3D3E90023EFF7A1
:10112000C5F832463B46EFF777FA6BA3D3E90023C5
:10113000EFF7BCF832463B46EFF76EFA68A3D3E907
:101140000023EFF7B3F832463B46EFF765FA66A3A4
:10115000D3E90023EFF7AAF842464B46EFF75CFAD3
:1011600063A3D3E900238046894630463946EFF72A
:1011700053FA61A3D3E90023EFF796F832463B46D2
:10118000EFF74AFA5EA3D3E90023EFF78DF8324672
:101190003B46EFF741FA5CA3D3E90023EFF784F86D
:1011A00032463B46EFF738FA59A3D3E90023EFF76D
:1011B0007BF832463B46EFF72FFA02460B46404695
:1011C0004946EFF773F822462B46EFF725FABAF1B6
:1011D000FF3F02460B4648D120462946EFF764F808
:1011E0002FE7524B002220462946EFF75DF84F4B80
:1011F00006460F46002220462946EFF757F80246DA
:101200000B4630463946EFF731FB4FF0010A0446F2
:101210000D4665E7474B9E421CD2474B00222046B5
:101220002946EFF741F8444B06460F460022204678
:101230002946EFF7F1F93D4B0022EFF737F8024668
:101240000B4630463946EFF711FB4FF0020A0446D1
:101250000D4645E722462B4638490020EFF706FBAE
:101260004FF0030A04460D463AE7354B354E03EB83
:10127000CA03D3E90023EFF717F822462B46EFF70E
:1012800013F806EBCA0602460B46D6E90001EFF753
:101290000BF8BBF1000F04460D46BFF6DCAE01F1C2
:1012A00000431D46D7E61CA5D5E90045D3E600BF9F
:1012B000182D4454FB21F93F9C7500883CE4377E8F
:1012C00011DA22E33AAD903FEB0D76244B7BA93F38
:1012D000513DD0A0660DB13F6E204CC5CD45B73F06
:1012E000FF8300922449C23F0D5555555555D53FB2
:1012F0002F6C6A2C44B4A2BF9AFDDE522DDEAD3FA6
:101300006D9A74AFF2B0B33F711623FEC671BC3F45
:10131000C4EB98999999C93F182D4454FB21F9BF02
:10132000FFFF0F440000F07FFFFFDB3F0000F03FB6
:10133000FFFFF23F008003400000F83F0000F0BFD5
:10134000881C0108A81C010851EC100B024621F072
:10135000004343EC102B70472DE9F84F664A55ECDB
:10136000104BAA432B46214610D12246204629463F
:10137000EFF752F902460B4620462946EEF796FF54
:1013800004460D4645EC104BBDE8F88F002D0EDCF1
:1013900025F000422243F5D09DB122462046294641
:1013A000EEF782FF02460B46EFF760FAE8E72A15F0
:1013B00015D1002009E0CB0A153A4905002BFAD0D7
:1013C000F7E72A46FAE75B000130DC02FBD5441E52
:1013D000121BC0F1200421FA04F423438140C3F31B
:1013E0001303A2F2FF3743F48013D2075CBF5B0004
:1013F00003EBD1734FEA430358BF4900002603EBC8
:10140000D1737F104900162032464FF4001415198D
:101410009D42DEBF2A195B1B3619CD0F013805EB43
:1014200043034FEA41014FEA5404F0D1054620241A
:101430004FF0004C93420CEB000E02DC13D18E45B2
:1014400011D8BEF1000F0EEB0C003FDA00283DDB97
:1014500002F101089B1A8E4588BF03F1FF33A1EB0F
:101460000E01654442464FEAD17E013C0EEB430338
:101470004FEA41014FEA5C0CDCD119431BD0DFF885
:101480007CA0DFF87CB0DAE90001DBE90023EEF7AD
:101490000BFFDAE9008902460B4640464946EFF762
:1014A00037FB40B1B5F1FF3FDAE90001DBE900238A
:1014B0000ED101362546731003F17F5303F5001357
:1014C00003EB07516B0843EAC67059E79046C1E742
:1014D000EEF7ECFEDAE9008902460B464046494643
:1014E000EFF70CFB20B1AB1C08BF01360235E2E779
:1014F0006B1C23F00105DEE70000F07FD01C010823
:10150000C81C0108000000002DE9F84357EC116BDE
:101510007342DFF87C8127F00042334342EAD37301
:10152000434551EC100B354609D8444221F00043A5
:10153000044343EAD47444458E46814607D9324673
:101540003B46EEF7B3FE41EC100BBDE8F88307F124
:10155000404404F58014344303D1BDE8F843FFF759
:101560005BBDBC1704F0020453EA090944EAD174D4
:1015700007D1022C5FD0032CE5D143A1D1E90001B2
:10158000E1E7154306D1BEF1000F5FDB36A1D1E9DB
:101590000001D8E742450FD1934204F1FF3407D14F
:1015A000022C4CD8364B03EBC403D3E90001CAE745
:1015B000022C48D8334BF6E74345E4D09B1AB3F1ED
:1015C000747F4FEA23521EDA002F01DA3C321EDB11
:1015D00032463B46EFF74AF941EC100BFFF7B4FEF9
:1015E000FFF71AFD51EC100B012C13D0022C15D073
:1015F000002CA8D018A3D3E90023EEF755FE18A3BA
:10160000D3E9002314E018A1D1E90001ECE70020A0
:101610000021E9E701F10043194694E70EA3D3E95D
:101620000023EEF741FE02460B460DA1D1E9000171
:10163000EEF73AFE87E70AA1D1E9000183E70CA1A2
:10164000D1E900017FE7002000217CE70AA1D1E970
:10165000000178E7AFF30080075C143326A6A13CB5
:10166000182D4454FB210940182D4454FB21F93F07
:10167000182D4454FB21E93F182D4454FB21F9BF98
:10168000F01C0108D81C0108182D4454FB2109C086
:101690000000F07FF8B500BFF8BC08BC9E4670475C
:0C16A000F8B500BFF8BC08BC9E467047BF
:1016B0002000000054000000446F6E65210D000002
:1016C000530000004B703A2025660D0A0000000010
:1016D0004B693A2025660D0A000000004B643A2051
:1016E00025660D0A00000000636865636B5F676C28
:1016F0006F62616C3A2025640D0A0000416E676CD0
:10170000655F536574706F696E743A2025660D0AC3
:1017100000000000416E676C653A2025660D0A00E6
:1017200053706565643A2025640D0A00416E676C4C
:10173000655F4F75747075743A2025660D0A000058
:101740004D00000054756E696E673A2054203C4B82
:10175000703E203C4B693E203C4B643E0D00000037
:101760005374617475733A20530D000041000000FA
:101770004D3100004D320000414C4C00460000004D
:101780005200000053000000436F6E74726F6C20B3
:101790004D6F746F72204572726F72210D000000E0
:1017A00053544D3332205669727475616C20436F07
:1017B0006D506F727400000053544D6963726F6511
:1017C0006C656374726F6E696373000043444320F9
:1017D000436F6E666967000043444320496E746539
:1017E00072666163650000000000000000000000F8
:1017F00001020304060708090000000001020304B7
:101800002E00494E4600696E66004E414E006E61E4
:101810006E0030003031323334353637383941429A
:101820004344454600303132333435363738396138
:101830006263646566005245454E54206D616C6C70
:101840006F6320737563636565646564002F6275FB
:10185000696C642F676E752D746F6F6C732D666F76
:10186000722D73746D33325F31332E332E72656C8B
:10187000312E32303234303932362D313731352F46
:101880007372632F6E65776C69622F6E65776C6912
:10189000622F6C6962632F737472696E672F737441
:1018A00072746F6B2E63004300504F534958002CE5
:1018B0002066756E6374696F6E3A2000617373659C
:1018C0007274696F6E2022257322206661696C65CF
:1018D000643A2066696C6520222573222C206C698D
:1018E0006E65202564257325730A00496E66696E4E
:1018F000697479004E614E002F6275696C642F67C0
:101900006E752D746F6F6C732D666F722D73746DA1
:1019100033325F31332E332E72656C312E323032DA
:1019200034303932362D313731352F7372632F6EA3
:1019300065776C69622F6E65776C69622F6C69627E
:10194000632F7374646C69622F64746F612E63001B
:1019500042616C6C6F632073756363656564656475
:10196000002F6275696C642F676E752D746F6F6CD4
:10197000732D666F722D73746D33325F31332E3376
:101980002E72656C312E32303234303932362D3190
:101990003731352F7372632F6E65776C69622F6EE6
:1019A00065776C69622F6C6962632F7374646C690C
:1019B000622F6764746F612D6765746865782E6344
:1019C000002F6275696C642F676E752D746F6F6C74
:1019D000732D666F722D73746D33325F31332E3316
:1019E0002E72656C312E32303234303932362D3130
:1019F0003731352F7372632F6E65776C69622F6E86
:101A000065776C69622F6C6962632F7374646C69AB
:101A1000622F6D707265632E6300232D302B2000C2
:101A2000686C4C006566674546470000340000005E
:101A3000CEFBFFFFCB030000010000000000000010
:101A400035000000CEFBFFFFCB03000001000000CB
:101A50000000000000000000BC89D897B2D29C3C76
:101A600033A7A8D523F649393DA7F444FD0FA53285
:101A70009D978CCF08BA5B25436FAC64280668112C
:101A800005000000190000007D00000000000000BB
:101A90000080E03779C34143176E05B5B5B893466A
:101AA000F5F93FE9034F384D321D30F94877825A36
:101AB0003CBF737FDD4F1575000000000000F03F54
:101AC0000000000000002440000000000000594019
:101AD0000000000000408F40000000000088C3406C
:101AE00000000000006AF8400000000080842E41E1
:101AF00000000000D01263410000000084D797412D
:101B00000000000065CDCD41000000205FA0024232
:101B1000000000E876483742000000A2941A6D42A7
:101B2000000040E59C30A2420000901EC4BCD6429A
:101B300000003426F56B0C430080E03779C3414345
:101B400000A0D8855734764300C84E676DC1AB43BB
:101B5000003D9160E458E143408CB5781DAF1544D9
:101B600050EFE2D6E41A4B4492D54D06CFF08044B4
:101B7000F64AE1C7022DB544B49DD9794378EA44C9
:101B8000002020202020202020202828282828204D
:101B90002020202020202020202020202020202045
:101BA00020881010101010101010101010101010AD
:101BB000100404040404040404040410101010109D
:101BC0001010414141414141010101010101010167
:101BD00001010101010101010101010110101010B9
:101BE0001010424242424242020202020202020239
:101BF000020202020202020202020202101010108D
:101C000020000000000000000000000000000000B4
:101C100000000000000000000000000000000000C4
:101C200000000000000000000000000000000000B4
:101C300000000000000000000000000000000000A4
:101C40000000000000000000000000000000000094
:101C50000000000000000000000000000000000084
:101C60000000000000000000000000000000000074
:101C70000000000000000000000000000000000064
:101C80000000000000000000E2652F227F2B7A3C5C
:101C9000075C143326A6813CBDCBF07A8807703CE4
:101CA000075C143326A6913C4FBB610567ACDD3F52
:101CB000182D4454FB21E93F9BF681D20B73EF3F73
:101CC000182D4454FB21F93F59F3F8C21F6EA501AA
:101CD000000000000000F03F000000000000008055
:101CE000182D4454FB210940182D4454FB2109C0F0
:101CF000182D4454FB21E9BFD221337F7CD9024007
:081D0000D221337F7CD902C01F
:081D0800C8E4FE7F01000000A9
:041D1000B501000811
:041D14009101000831
:101D1800000000000000E03F000090410000F44295
:101D28000AD7A33E320000000D0A000000000000A0
:101D3800000000E04D62503F000000C07493683F0F
:101D4800000000E051B89E3F0000000000000000C5
:101D5800000000000000000000000000000000007B
:101D6800000000000000000000000000000000006B
:101D78000000000000000000000000E04D62503F3D
:101D8800000000C07493683F000000E051B89E3F17
:101D9800000000000000000000000000000000003B
:101DA800000000000000000000000000000000002B
:101DB800000000000000000000000000000000001B
:101DC8000024F40010000000010000000A060002D0
:101DD800000000400100000059A1000849A30008C4
:101DE8004DA400080000000073A7000805A600081D
:101DF80003A7000800000000000000000000000029
:101E080059A80008E9A70008C9A8000839A90008C6
:101E180009024300020100C0320904000001020265
:101E28000100052400100105240100010424020218
:101E380005240600010705820308001009040100B3
:101E4800020A0000000705010240000007058102A0
:101E5800400000810182000099C10008C1C100084A
:101E6800D1C100088DC200081DC3000841C3000885
:101E780065C30008C5C3000889C30008EDC300088E
:101E880011C400084DC400081201000202020040FB
:101E980083044057000201020301000004030904FF
:101EA8001A0300000000000000000000000000000D
:101EB800000000000000000000000000000000001A
:101EC80003000000D82200204300000000000000AA
:101ED80000000000000000000000000000000000FA
:101EE80000000000000000004300000000000000A7
:101EF80000000000000000000000000000000000DA
:101F08000000000000000000430000000000000086
:101F180000000000000000000000000000000000B9
:101F28000000000000000000430000000000000066
:101F38000000000000000000000000000000000099
:101F48000000000000000000430000000000000046
:101F58000000000000000000000000000000000079
:101F68000000000000000000430000000000000026
:101F78000000000000000000000000000000000059
:101F88000000000000000000430000000000000006
:101F98000000000000000000000000000000000039
:101FA80000000000000000006D060108DDFC0008CC
:101FB80000000000801B010800180108EA18010849
:101FC800EA180108EA180108EA180108EA180108DD
:101FD800EA180108EA180108EA180108EA180108CD
:101FE800FFFFFFFFFFFFFFFFFFFFFFFFFFFF0000F7
:101FF800010041534349490000000000000000006F
:1020080000000000000000000000000000000000C8
:10201800000041534349490000000000000000004F
:1020280000000000000000000000000000000000A8
:10203800000000002803002000000000D822002033
:1020480040230020A823002000000000000000001A
:102058000000000000000000000000000000000078
:102068000000000000000000000000000000000068
:102078000000000000000000000000000000000058
:042088000000000054
:0400000508002F754B
:00000001FF
